{
  "version" : "4.0.0",
  "gauges" : {
    "jenkins.executor.count.value" : {
      "value" : 2
    },
    "jenkins.executor.free.value" : {
      "value" : 2
    },
    "jenkins.executor.in-use.value" : {
      "value" : 0
    },
    "jenkins.health-check.count" : {
      "value" : 4
    },
    "jenkins.health-check.inverse-score" : {
      "value" : 0.0
    },
    "jenkins.health-check.score" : {
      "value" : 1.0
    },
    "jenkins.job.averageDepth" : {
      "value" : 0.0
    },
    "jenkins.job.count.value" : {
      "value" : 0
    },
    "jenkins.node.count.value" : {
      "value" : 1
    },
    "jenkins.node.offline.value" : {
      "value" : 0
    },
    "jenkins.node.online.value" : {
      "value" : 1
    },
    "jenkins.plugins.active" : {
      "value" : 119
    },
    "jenkins.plugins.failed" : {
      "value" : 0
    },
    "jenkins.plugins.inactive" : {
      "value" : 0
    },
    "jenkins.plugins.withUpdate" : {
      "value" : 49
    },
    "jenkins.project.count.value" : {
      "value" : 0
    },
    "jenkins.project.disabled.count.value" : {
      "value" : 0
    },
    "jenkins.project.enabled.count.value" : {
      "value" : 0
    },
    "jenkins.queue.blocked.value" : {
      "value" : 0
    },
    "jenkins.queue.buildable.value" : {
      "value" : 0
    },
    "jenkins.queue.pending.value" : {
      "value" : 0
    },
    "jenkins.queue.size.value" : {
      "value" : 0
    },
    "jenkins.queue.stuck.value" : {
      "value" : 0
    },
    "jenkins.versions.core" : {
      "value" : "2.150.1"
    },
    "jenkins.versions.plugin.ace-editor" : {
      "value" : "1.1"
    },
    "jenkins.versions.plugin.ant" : {
      "value" : "1.9"
    },
    "jenkins.versions.plugin.antisamy-markup-formatter" : {
      "value" : "1.5"
    },
    "jenkins.versions.plugin.apache-httpcomponents-client-4-api" : {
      "value" : "4.5.5-3.0"
    },
    "jenkins.versions.plugin.artifactory" : {
      "value" : "2.16.2"
    },
    "jenkins.versions.plugin.authentication-tokens" : {
      "value" : "1.3"
    },
    "jenkins.versions.plugin.blueocean" : {
      "value" : "1.9.0"
    },
    "jenkins.versions.plugin.blueocean-autofavorite" : {
      "value" : "1.2.2"
    },
    "jenkins.versions.plugin.blueocean-bitbucket-pipeline" : {
      "value" : "1.9.0"
    },
    "jenkins.versions.plugin.blueocean-commons" : {
      "value" : "1.9.0"
    },
    "jenkins.versions.plugin.blueocean-config" : {
      "value" : "1.9.0"
    },
    "jenkins.versions.plugin.blueocean-core-js" : {
      "value" : "1.9.0"
    },
    "jenkins.versions.plugin.blueocean-dashboard" : {
      "value" : "1.9.0"
    },
    "jenkins.versions.plugin.blueocean-display-url" : {
      "value" : "2.2.0"
    },
    "jenkins.versions.plugin.blueocean-events" : {
      "value" : "1.9.0"
    },
    "jenkins.versions.plugin.blueocean-git-pipeline" : {
      "value" : "1.9.0"
    },
    "jenkins.versions.plugin.blueocean-github-pipeline" : {
      "value" : "1.9.0"
    },
    "jenkins.versions.plugin.blueocean-i18n" : {
      "value" : "1.9.0"
    },
    "jenkins.versions.plugin.blueocean-jira" : {
      "value" : "1.9.0"
    },
    "jenkins.versions.plugin.blueocean-jwt" : {
      "value" : "1.9.0"
    },
    "jenkins.versions.plugin.blueocean-personalization" : {
      "value" : "1.9.0"
    },
    "jenkins.versions.plugin.blueocean-pipeline-api-impl" : {
      "value" : "1.9.0"
    },
    "jenkins.versions.plugin.blueocean-pipeline-editor" : {
      "value" : "1.9.0"
    },
    "jenkins.versions.plugin.blueocean-pipeline-scm-api" : {
      "value" : "1.9.0"
    },
    "jenkins.versions.plugin.blueocean-rest" : {
      "value" : "1.9.0"
    },
    "jenkins.versions.plugin.blueocean-rest-impl" : {
      "value" : "1.9.0"
    },
    "jenkins.versions.plugin.blueocean-web" : {
      "value" : "1.9.0"
    },
    "jenkins.versions.plugin.bouncycastle-api" : {
      "value" : "2.17"
    },
    "jenkins.versions.plugin.branch-api" : {
      "value" : "2.1.2"
    },
    "jenkins.versions.plugin.build-timeout" : {
      "value" : "1.19"
    },
    "jenkins.versions.plugin.cloudbees-bitbucket-branch-source" : {
      "value" : "2.4.0"
    },
    "jenkins.versions.plugin.cloudbees-folder" : {
      "value" : "6.7"
    },
    "jenkins.versions.plugin.command-launcher" : {
      "value" : "1.2"
    },
    "jenkins.versions.plugin.config-file-provider" : {
      "value" : "3.4.1"
    },
    "jenkins.versions.plugin.configuration-as-code" : {
      "value" : "1.3"
    },
    "jenkins.versions.plugin.credentials" : {
      "value" : "2.1.18"
    },
    "jenkins.versions.plugin.credentials-binding" : {
      "value" : "1.17"
    },
    "jenkins.versions.plugin.display-url-api" : {
      "value" : "2.3.0"
    },
    "jenkins.versions.plugin.docker-commons" : {
      "value" : "1.13"
    },
    "jenkins.versions.plugin.docker-workflow" : {
      "value" : "1.17"
    },
    "jenkins.versions.plugin.durable-task" : {
      "value" : "1.28"
    },
    "jenkins.versions.plugin.email-ext" : {
      "value" : "2.63"
    },
    "jenkins.versions.plugin.favorite" : {
      "value" : "2.3.2"
    },
    "jenkins.versions.plugin.git" : {
      "value" : "4.0.0-rc"
    },
    "jenkins.versions.plugin.git-client" : {
      "value" : "3.0.0-rc"
    },
    "jenkins.versions.plugin.git-server" : {
      "value" : "1.7"
    },
    "jenkins.versions.plugin.gitea" : {
      "value" : "1.0.8"
    },
    "jenkins.versions.plugin.github" : {
      "value" : "1.29.3"
    },
    "jenkins.versions.plugin.github-api" : {
      "value" : "1.95"
    },
    "jenkins.versions.plugin.github-branch-source" : {
      "value" : "2.4.2"
    },
    "jenkins.versions.plugin.gitlab-plugin" : {
      "value" : "1.5.11"
    },
    "jenkins.versions.plugin.gradle" : {
      "value" : "1.30"
    },
    "jenkins.versions.plugin.handlebars" : {
      "value" : "1.1.1"
    },
    "jenkins.versions.plugin.handy-uri-templates-2-api" : {
      "value" : "2.1.6-1.0"
    },
    "jenkins.versions.plugin.htmlpublisher" : {
      "value" : "1.17"
    },
    "jenkins.versions.plugin.ivy" : {
      "value" : "1.28"
    },
    "jenkins.versions.plugin.jackson2-api" : {
      "value" : "2.9.8"
    },
    "jenkins.versions.plugin.javadoc" : {
      "value" : "1.4"
    },
    "jenkins.versions.plugin.jdk-tool" : {
      "value" : "1.2"
    },
    "jenkins.versions.plugin.jenkins-design-language" : {
      "value" : "1.9.0"
    },
    "jenkins.versions.plugin.jira" : {
      "value" : "3.0.5"
    },
    "jenkins.versions.plugin.jquery-detached" : {
      "value" : "1.2.1"
    },
    "jenkins.versions.plugin.jsch" : {
      "value" : "0.1.54.2"
    },
    "jenkins.versions.plugin.junit" : {
      "value" : "1.26.1"
    },
    "jenkins.versions.plugin.jx-resources" : {
      "value" : "1.0.24"
    },
    "jenkins.versions.plugin.kubernetes" : {
      "value" : "1.13.7"
    },
    "jenkins.versions.plugin.kubernetes-credentials" : {
      "value" : "0.4.0"
    },
    "jenkins.versions.plugin.kubernetes-credentials-provider" : {
      "value" : "0.11"
    },
    "jenkins.versions.plugin.ldap" : {
      "value" : "1.20"
    },
    "jenkins.versions.plugin.lockable-resources" : {
      "value" : "2.3"
    },
    "jenkins.versions.plugin.mailer" : {
      "value" : "1.23"
    },
    "jenkins.versions.plugin.mapdb-api" : {
      "value" : "1.0.9.0"
    },
    "jenkins.versions.plugin.matrix-auth" : {
      "value" : "2.3"
    },
    "jenkins.versions.plugin.matrix-project" : {
      "value" : "1.13"
    },
    "jenkins.versions.plugin.maven-plugin" : {
      "value" : "3.2"
    },
    "jenkins.versions.plugin.mercurial" : {
      "value" : "2.4"
    },
    "jenkins.versions.plugin.metrics" : {
      "value" : "4.0.2.2"
    },
    "jenkins.versions.plugin.momentjs" : {
      "value" : "1.1.1"
    },
    "jenkins.versions.plugin.pam-auth" : {
      "value" : "1.4"
    },
    "jenkins.versions.plugin.pipeline-build-step" : {
      "value" : "2.7"
    },
    "jenkins.versions.plugin.pipeline-github-lib" : {
      "value" : "1.0"
    },
    "jenkins.versions.plugin.pipeline-graph-analysis" : {
      "value" : "1.9"
    },
    "jenkins.versions.plugin.pipeline-input-step" : {
      "value" : "2.8"
    },
    "jenkins.versions.plugin.pipeline-milestone-step" : {
      "value" : "1.3.1"
    },
    "jenkins.versions.plugin.pipeline-model-api" : {
      "value" : "1.3.3"
    },
    "jenkins.versions.plugin.pipeline-model-declarative-agent" : {
      "value" : "1.1.1"
    },
    "jenkins.versions.plugin.pipeline-model-definition" : {
      "value" : "1.3.3"
    },
    "jenkins.versions.plugin.pipeline-model-extensions" : {
      "value" : "1.3.3"
    },
    "jenkins.versions.plugin.pipeline-rest-api" : {
      "value" : "2.10"
    },
    "jenkins.versions.plugin.pipeline-stage-step" : {
      "value" : "2.3"
    },
    "jenkins.versions.plugin.pipeline-stage-tags-metadata" : {
      "value" : "1.3.3"
    },
    "jenkins.versions.plugin.pipeline-stage-view" : {
      "value" : "2.10"
    },
    "jenkins.versions.plugin.plain-credentials" : {
      "value" : "1.4"
    },
    "jenkins.versions.plugin.pubsub-light" : {
      "value" : "1.12"
    },
    "jenkins.versions.plugin.resource-disposer" : {
      "value" : "0.12"
    },
    "jenkins.versions.plugin.scm-api" : {
      "value" : "2.3.0"
    },
    "jenkins.versions.plugin.script-security" : {
      "value" : "1.49"
    },
    "jenkins.versions.plugin.simple-theme-plugin" : {
      "value" : "0.5.1"
    },
    "jenkins.versions.plugin.sse-gateway" : {
      "value" : "1.16"
    },
    "jenkins.versions.plugin.ssh-credentials" : {
      "value" : "1.14"
    },
    "jenkins.versions.plugin.ssh-slaves" : {
      "value" : "1.29.4"
    },
    "jenkins.versions.plugin.structs" : {
      "value" : "1.17"
    },
    "jenkins.versions.plugin.subversion" : {
      "value" : "2.12.1"
    },
    "jenkins.versions.plugin.support-core" : {
      "value" : "2.52"
    },
    "jenkins.versions.plugin.timestamper" : {
      "value" : "1.8.10"
    },
    "jenkins.versions.plugin.token-macro" : {
      "value" : "2.5"
    },
    "jenkins.versions.plugin.variant" : {
      "value" : "1.1"
    },
    "jenkins.versions.plugin.workflow-aggregator" : {
      "value" : "2.6"
    },
    "jenkins.versions.plugin.workflow-api" : {
      "value" : "2.33"
    },
    "jenkins.versions.plugin.workflow-basic-steps" : {
      "value" : "2.13"
    },
    "jenkins.versions.plugin.workflow-cps" : {
      "value" : "2.61"
    },
    "jenkins.versions.plugin.workflow-cps-global-lib" : {
      "value" : "2.12"
    },
    "jenkins.versions.plugin.workflow-durable-task-step" : {
      "value" : "2.26"
    },
    "jenkins.versions.plugin.workflow-job" : {
      "value" : "2.30"
    },
    "jenkins.versions.plugin.workflow-multibranch" : {
      "value" : "2.20"
    },
    "jenkins.versions.plugin.workflow-scm-step" : {
      "value" : "2.7"
    },
    "jenkins.versions.plugin.workflow-step-api" : {
      "value" : "2.17"
    },
    "jenkins.versions.plugin.workflow-support" : {
      "value" : "2.23"
    },
    "jenkins.versions.plugin.ws-cleanup" : {
      "value" : "0.37"
    },
    "system.cpu.load" : {
      "value" : 1.14
    },
    "vm.blocked.count" : {
      "value" : 0
    },
    "vm.class.loaded" : {
      "value" : 15205
    },
    "vm.class.unloaded" : {
      "value" : 3
    },
    "vm.count" : {
      "value" : 46
    },
    "vm.cpu.load" : {
      "value" : 0.5743805270992032
    },
    "vm.daemon.count" : {
      "value" : 31
    },
    "vm.deadlock.count" : {
      "value" : 0
    },
    "vm.deadlocks" : {
      "value" : [ ]
    },
    "vm.file.descriptor.ratio" : {
      "value" : 6.82830810546875E-4
    },
    "vm.gc.PS-MarkSweep.count" : {
      "value" : 4
    },
    "vm.gc.PS-MarkSweep.time" : {
      "value" : 511
    },
    "vm.gc.PS-Scavenge.count" : {
      "value" : 73
    },
    "vm.gc.PS-Scavenge.time" : {
      "value" : 493
    },
    "vm.memory.heap.committed" : {
      "value" : 475004928
    },
    "vm.memory.heap.init" : {
      "value" : 69206016
    },
    "vm.memory.heap.max" : {
      "value" : 978845696
    },
    "vm.memory.heap.usage" : {
      "value" : 0.31391252089644983
    },
    "vm.memory.heap.used" : {
      "value" : 307271920
    },
    "vm.memory.non-heap.committed" : {
      "value" : 134963200
    },
    "vm.memory.non-heap.init" : {
      "value" : 2555904
    },
    "vm.memory.non-heap.max" : {
      "value" : -1
    },
    "vm.memory.non-heap.usage" : {
      "value" : -1.2254464E8
    },
    "vm.memory.non-heap.used" : {
      "value" : 122546032
    },
    "vm.memory.pools.Code-Cache.committed" : {
      "value" : 22544384
    },
    "vm.memory.pools.Code-Cache.init" : {
      "value" : 2555904
    },
    "vm.memory.pools.Code-Cache.max" : {
      "value" : 251658240
    },
    "vm.memory.pools.Code-Cache.usage" : {
      "value" : 0.0886553446451823
    },
    "vm.memory.pools.Code-Cache.used" : {
      "value" : 22312064
    },
    "vm.memory.pools.Compressed-Class-Space.committed" : {
      "value" : 12845056
    },
    "vm.memory.pools.Compressed-Class-Space.init" : {
      "value" : 0
    },
    "vm.memory.pools.Compressed-Class-Space.max" : {
      "value" : 1073741824
    },
    "vm.memory.pools.Compressed-Class-Space.usage" : {
      "value" : 0.009685613214969635
    },
    "vm.memory.pools.Compressed-Class-Space.used" : {
      "value" : 10399848
    },
    "vm.memory.pools.Metaspace.committed" : {
      "value" : 99573760
    },
    "vm.memory.pools.Metaspace.init" : {
      "value" : 0
    },
    "vm.memory.pools.Metaspace.max" : {
      "value" : -1
    },
    "vm.memory.pools.Metaspace.usage" : {
      "value" : 0.9021658718120115
    },
    "vm.memory.pools.Metaspace.used" : {
      "value" : 89832048
    },
    "vm.memory.pools.PS-Eden-Space.committed" : {
      "value" : 360710144
    },
    "vm.memory.pools.PS-Eden-Space.init" : {
      "value" : 17825792
    },
    "vm.memory.pools.PS-Eden-Space.max" : {
      "value" : 360710144
    },
    "vm.memory.pools.PS-Eden-Space.usage" : {
      "value" : 0.6511883181194926
    },
    "vm.memory.pools.PS-Eden-Space.used" : {
      "value" : 234890232
    },
    "vm.memory.pools.PS-Eden-Space.used-after-gc" : {
      "value" : 0
    },
    "vm.memory.pools.PS-Old-Gen.committed" : {
      "value" : 111673344
    },
    "vm.memory.pools.PS-Old-Gen.init" : {
      "value" : 46137344
    },
    "vm.memory.pools.PS-Old-Gen.max" : {
      "value" : 734003200
    },
    "vm.memory.pools.PS-Old-Gen.usage" : {
      "value" : 0.0950407954624721
    },
    "vm.memory.pools.PS-Old-Gen.used" : {
      "value" : 69760248
    },
    "vm.memory.pools.PS-Old-Gen.used-after-gc" : {
      "value" : 55169528
    },
    "vm.memory.pools.PS-Survivor-Space.committed" : {
      "value" : 2621440
    },
    "vm.memory.pools.PS-Survivor-Space.init" : {
      "value" : 2621440
    },
    "vm.memory.pools.PS-Survivor-Space.max" : {
      "value" : 2621440
    },
    "vm.memory.pools.PS-Survivor-Space.usage" : {
      "value" : 1.0
    },
    "vm.memory.pools.PS-Survivor-Space.used" : {
      "value" : 2621440
    },
    "vm.memory.pools.PS-Survivor-Space.used-after-gc" : {
      "value" : 2621440
    },
    "vm.memory.total.committed" : {
      "value" : 609968128
    },
    "vm.memory.total.init" : {
      "value" : 71761920
    },
    "vm.memory.total.max" : {
      "value" : 978845695
    },
    "vm.memory.total.used" : {
      "value" : 429776544
    },
    "vm.new.count" : {
      "value" : 0
    },
    "vm.runnable.count" : {
      "value" : 11
    },
    "vm.terminated.count" : {
      "value" : 0
    },
    "vm.timed_waiting.count" : {
      "value" : 21
    },
    "vm.uptime.milliseconds" : {
      "value" : 63381
    },
    "vm.waiting.count" : {
      "value" : 14
    }
  },
  "counters" : {
    "http.activeRequests" : {
      "count" : 0
    }
  },
  "histograms" : {
    "jenkins.executor.count.history" : {
      "count" : 1,
      "max" : 2,
      "mean" : 2.0,
      "min" : 2,
      "p50" : 2.0,
      "p75" : 2.0,
      "p95" : 2.0,
      "p98" : 2.0,
      "p99" : 2.0,
      "p999" : 2.0,
      "values" : [ 2 ],
      "stddev" : 0.0
    },
    "jenkins.executor.free.history" : {
      "count" : 1,
      "max" : 2,
      "mean" : 2.0,
      "min" : 2,
      "p50" : 2.0,
      "p75" : 2.0,
      "p95" : 2.0,
      "p98" : 2.0,
      "p99" : 2.0,
      "p999" : 2.0,
      "values" : [ 2 ],
      "stddev" : 0.0
    },
    "jenkins.executor.in-use.history" : {
      "count" : 1,
      "max" : 0,
      "mean" : 0.0,
      "min" : 0,
      "p50" : 0.0,
      "p75" : 0.0,
      "p95" : 0.0,
      "p98" : 0.0,
      "p99" : 0.0,
      "p999" : 0.0,
      "values" : [ 0 ],
      "stddev" : 0.0
    },
    "jenkins.job.count.history" : {
      "count" : 1,
      "max" : 0,
      "mean" : 0.0,
      "min" : 0,
      "p50" : 0.0,
      "p75" : 0.0,
      "p95" : 0.0,
      "p98" : 0.0,
      "p99" : 0.0,
      "p999" : 0.0,
      "values" : [ 0 ],
      "stddev" : 0.0
    },
    "jenkins.node.count.history" : {
      "count" : 1,
      "max" : 1,
      "mean" : 1.0,
      "min" : 1,
      "p50" : 1.0,
      "p75" : 1.0,
      "p95" : 1.0,
      "p98" : 1.0,
      "p99" : 1.0,
      "p999" : 1.0,
      "values" : [ 1 ],
      "stddev" : 0.0
    },
    "jenkins.node.offline.history" : {
      "count" : 1,
      "max" : 0,
      "mean" : 0.0,
      "min" : 0,
      "p50" : 0.0,
      "p75" : 0.0,
      "p95" : 0.0,
      "p98" : 0.0,
      "p99" : 0.0,
      "p999" : 0.0,
      "values" : [ 0 ],
      "stddev" : 0.0
    },
    "jenkins.node.online.history" : {
      "count" : 1,
      "max" : 1,
      "mean" : 1.0,
      "min" : 1,
      "p50" : 1.0,
      "p75" : 1.0,
      "p95" : 1.0,
      "p98" : 1.0,
      "p99" : 1.0,
      "p999" : 1.0,
      "values" : [ 1 ],
      "stddev" : 0.0
    },
    "jenkins.project.count.history" : {
      "count" : 1,
      "max" : 0,
      "mean" : 0.0,
      "min" : 0,
      "p50" : 0.0,
      "p75" : 0.0,
      "p95" : 0.0,
      "p98" : 0.0,
      "p99" : 0.0,
      "p999" : 0.0,
      "values" : [ 0 ],
      "stddev" : 0.0
    },
    "jenkins.project.disabled.count.history" : {
      "count" : 1,
      "max" : 0,
      "mean" : 0.0,
      "min" : 0,
      "p50" : 0.0,
      "p75" : 0.0,
      "p95" : 0.0,
      "p98" : 0.0,
      "p99" : 0.0,
      "p999" : 0.0,
      "values" : [ 0 ],
      "stddev" : 0.0
    },
    "jenkins.project.enabled.count.history" : {
      "count" : 1,
      "max" : 0,
      "mean" : 0.0,
      "min" : 0,
      "p50" : 0.0,
      "p75" : 0.0,
      "p95" : 0.0,
      "p98" : 0.0,
      "p99" : 0.0,
      "p999" : 0.0,
      "values" : [ 0 ],
      "stddev" : 0.0
    },
    "jenkins.queue.blocked.history" : {
      "count" : 1,
      "max" : 0,
      "mean" : 0.0,
      "min" : 0,
      "p50" : 0.0,
      "p75" : 0.0,
      "p95" : 0.0,
      "p98" : 0.0,
      "p99" : 0.0,
      "p999" : 0.0,
      "values" : [ 0 ],
      "stddev" : 0.0
    },
    "jenkins.queue.buildable.history" : {
      "count" : 1,
      "max" : 0,
      "mean" : 0.0,
      "min" : 0,
      "p50" : 0.0,
      "p75" : 0.0,
      "p95" : 0.0,
      "p98" : 0.0,
      "p99" : 0.0,
      "p999" : 0.0,
      "values" : [ 0 ],
      "stddev" : 0.0
    },
    "jenkins.queue.pending.history" : {
      "count" : 1,
      "max" : 0,
      "mean" : 0.0,
      "min" : 0,
      "p50" : 0.0,
      "p75" : 0.0,
      "p95" : 0.0,
      "p98" : 0.0,
      "p99" : 0.0,
      "p999" : 0.0,
      "values" : [ 0 ],
      "stddev" : 0.0
    },
    "jenkins.queue.size.history" : {
      "count" : 1,
      "max" : 0,
      "mean" : 0.0,
      "min" : 0,
      "p50" : 0.0,
      "p75" : 0.0,
      "p95" : 0.0,
      "p98" : 0.0,
      "p99" : 0.0,
      "p999" : 0.0,
      "values" : [ 0 ],
      "stddev" : 0.0
    },
    "jenkins.queue.stuck.history" : {
      "count" : 1,
      "max" : 0,
      "mean" : 0.0,
      "min" : 0,
      "p50" : 0.0,
      "p75" : 0.0,
      "p95" : 0.0,
      "p98" : 0.0,
      "p99" : 0.0,
      "p999" : 0.0,
      "values" : [ 0 ],
      "stddev" : 0.0
    },
    "system.cpu.load.x100.history" : {
      "count" : 1,
      "max" : 125,
      "mean" : 125.0,
      "min" : 125,
      "p50" : 125.0,
      "p75" : 125.0,
      "p95" : 125.0,
      "p98" : 125.0,
      "p99" : 125.0,
      "p999" : 125.0,
      "values" : [ 125 ],
      "stddev" : 0.0
    },
    "system.cpu.load.x100.window.15m" : {
      "count" : 1,
      "max" : 125,
      "mean" : 125.0,
      "min" : 125,
      "p50" : 125.0,
      "p75" : 125.0,
      "p95" : 125.0,
      "p98" : 125.0,
      "p99" : 125.0,
      "p999" : 125.0,
      "values" : [ 125 ],
      "stddev" : 0.0
    },
    "system.cpu.load.x100.window.1h" : {
      "count" : 1,
      "max" : 125,
      "mean" : 125.0,
      "min" : 125,
      "p50" : 125.0,
      "p75" : 125.0,
      "p95" : 125.0,
      "p98" : 125.0,
      "p99" : 125.0,
      "p999" : 125.0,
      "values" : [ 125 ],
      "stddev" : 0.0
    },
    "system.cpu.load.x100.window.5m" : {
      "count" : 1,
      "max" : 125,
      "mean" : 125.0,
      "min" : 125,
      "p50" : 125.0,
      "p75" : 125.0,
      "p95" : 125.0,
      "p98" : 125.0,
      "p99" : 125.0,
      "p999" : 125.0,
      "values" : [ 125 ],
      "stddev" : 0.0
    },
    "vm.cpu.load.x100.history" : {
      "count" : 1,
      "max" : 118,
      "mean" : 118.0,
      "min" : 118,
      "p50" : 118.0,
      "p75" : 118.0,
      "p95" : 118.0,
      "p98" : 118.0,
      "p99" : 118.0,
      "p999" : 118.0,
      "values" : [ 118 ],
      "stddev" : 0.0
    },
    "vm.cpu.load.x100.window.15m" : {
      "count" : 1,
      "max" : 118,
      "mean" : 118.0,
      "min" : 118,
      "p50" : 118.0,
      "p75" : 118.0,
      "p95" : 118.0,
      "p98" : 118.0,
      "p99" : 118.0,
      "p999" : 118.0,
      "values" : [ 118 ],
      "stddev" : 0.0
    },
    "vm.cpu.load.x100.window.1h" : {
      "count" : 1,
      "max" : 118,
      "mean" : 118.0,
      "min" : 118,
      "p50" : 118.0,
      "p75" : 118.0,
      "p95" : 118.0,
      "p98" : 118.0,
      "p99" : 118.0,
      "p999" : 118.0,
      "values" : [ 118 ],
      "stddev" : 0.0
    },
    "vm.cpu.load.x100.window.5m" : {
      "count" : 1,
      "max" : 118,
      "mean" : 118.0,
      "min" : 118,
      "p50" : 118.0,
      "p75" : 118.0,
      "p95" : 118.0,
      "p98" : 118.0,
      "p99" : 118.0,
      "p999" : 118.0,
      "values" : [ 118 ],
      "stddev" : 0.0
    },
    "vm.file.descriptor.ratio.x100.history" : {
      "count" : 1,
      "max" : 0,
      "mean" : 0.0,
      "min" : 0,
      "p50" : 0.0,
      "p75" : 0.0,
      "p95" : 0.0,
      "p98" : 0.0,
      "p99" : 0.0,
      "p999" : 0.0,
      "values" : [ 0 ],
      "stddev" : 0.0
    },
    "vm.file.descriptor.ratio.x100.window.15m" : {
      "count" : 1,
      "max" : 0,
      "mean" : 0.0,
      "min" : 0,
      "p50" : 0.0,
      "p75" : 0.0,
      "p95" : 0.0,
      "p98" : 0.0,
      "p99" : 0.0,
      "p999" : 0.0,
      "values" : [ 0 ],
      "stddev" : 0.0
    },
    "vm.file.descriptor.ratio.x100.window.1h" : {
      "count" : 1,
      "max" : 0,
      "mean" : 0.0,
      "min" : 0,
      "p50" : 0.0,
      "p75" : 0.0,
      "p95" : 0.0,
      "p98" : 0.0,
      "p99" : 0.0,
      "p999" : 0.0,
      "values" : [ 0 ],
      "stddev" : 0.0
    },
    "vm.file.descriptor.ratio.x100.window.5m" : {
      "count" : 1,
      "max" : 0,
      "mean" : 0.0,
      "min" : 0,
      "p50" : 0.0,
      "p75" : 0.0,
      "p95" : 0.0,
      "p98" : 0.0,
      "p99" : 0.0,
      "p999" : 0.0,
      "values" : [ 0 ],
      "stddev" : 0.0
    },
    "vm.memory.heap.committed.history" : {
      "count" : 1,
      "max" : 361234432,
      "mean" : 3.61234432E8,
      "min" : 361234432,
      "p50" : 3.61234432E8,
      "p75" : 3.61234432E8,
      "p95" : 3.61234432E8,
      "p98" : 3.61234432E8,
      "p99" : 3.61234432E8,
      "p999" : 3.61234432E8,
      "values" : [ 361234432 ],
      "stddev" : 0.0
    },
    "vm.memory.heap.committed.window.15m" : {
      "count" : 1,
      "max" : 361234432,
      "mean" : 3.61234432E8,
      "min" : 361234432,
      "p50" : 3.61234432E8,
      "p75" : 3.61234432E8,
      "p95" : 3.61234432E8,
      "p98" : 3.61234432E8,
      "p99" : 3.61234432E8,
      "p999" : 3.61234432E8,
      "values" : [ 361234432 ],
      "stddev" : 0.0
    },
    "vm.memory.heap.committed.window.1h" : {
      "count" : 1,
      "max" : 361234432,
      "mean" : 3.61234432E8,
      "min" : 361234432,
      "p50" : 3.61234432E8,
      "p75" : 3.61234432E8,
      "p95" : 3.61234432E8,
      "p98" : 3.61234432E8,
      "p99" : 3.61234432E8,
      "p999" : 3.61234432E8,
      "values" : [ 361234432 ],
      "stddev" : 0.0
    },
    "vm.memory.heap.committed.window.5m" : {
      "count" : 1,
      "max" : 361234432,
      "mean" : 3.61234432E8,
      "min" : 361234432,
      "p50" : 3.61234432E8,
      "p75" : 3.61234432E8,
      "p95" : 3.61234432E8,
      "p98" : 3.61234432E8,
      "p99" : 3.61234432E8,
      "p999" : 3.61234432E8,
      "values" : [ 361234432 ],
      "stddev" : 0.0
    },
    "vm.memory.heap.usage.x100.history" : {
      "count" : 1,
      "max" : 11,
      "mean" : 11.0,
      "min" : 11,
      "p50" : 11.0,
      "p75" : 11.0,
      "p95" : 11.0,
      "p98" : 11.0,
      "p99" : 11.0,
      "p999" : 11.0,
      "values" : [ 11 ],
      "stddev" : 0.0
    },
    "vm.memory.heap.usage.x100.window.15m" : {
      "count" : 1,
      "max" : 11,
      "mean" : 11.0,
      "min" : 11,
      "p50" : 11.0,
      "p75" : 11.0,
      "p95" : 11.0,
      "p98" : 11.0,
      "p99" : 11.0,
      "p999" : 11.0,
      "values" : [ 11 ],
      "stddev" : 0.0
    },
    "vm.memory.heap.usage.x100.window.1h" : {
      "count" : 1,
      "max" : 11,
      "mean" : 11.0,
      "min" : 11,
      "p50" : 11.0,
      "p75" : 11.0,
      "p95" : 11.0,
      "p98" : 11.0,
      "p99" : 11.0,
      "p999" : 11.0,
      "values" : [ 11 ],
      "stddev" : 0.0
    },
    "vm.memory.heap.usage.x100.window.5m" : {
      "count" : 1,
      "max" : 11,
      "mean" : 11.0,
      "min" : 11,
      "p50" : 11.0,
      "p75" : 11.0,
      "p95" : 11.0,
      "p98" : 11.0,
      "p99" : 11.0,
      "p999" : 11.0,
      "values" : [ 11 ],
      "stddev" : 0.0
    },
    "vm.memory.heap.used.history" : {
      "count" : 1,
      "max" : 110724072,
      "mean" : 1.10724072E8,
      "min" : 110724072,
      "p50" : 1.10724072E8,
      "p75" : 1.10724072E8,
      "p95" : 1.10724072E8,
      "p98" : 1.10724072E8,
      "p99" : 1.10724072E8,
      "p999" : 1.10724072E8,
      "values" : [ 110724072 ],
      "stddev" : 0.0
    },
    "vm.memory.heap.used.window.15m" : {
      "count" : 1,
      "max" : 110724072,
      "mean" : 1.10724072E8,
      "min" : 110724072,
      "p50" : 1.10724072E8,
      "p75" : 1.10724072E8,
      "p95" : 1.10724072E8,
      "p98" : 1.10724072E8,
      "p99" : 1.10724072E8,
      "p999" : 1.10724072E8,
      "values" : [ 110724072 ],
      "stddev" : 0.0
    },
    "vm.memory.heap.used.window.1h" : {
      "count" : 1,
      "max" : 110724072,
      "mean" : 1.10724072E8,
      "min" : 110724072,
      "p50" : 1.10724072E8,
      "p75" : 1.10724072E8,
      "p95" : 1.10724072E8,
      "p98" : 1.10724072E8,
      "p99" : 1.10724072E8,
      "p999" : 1.10724072E8,
      "values" : [ 110724072 ],
      "stddev" : 0.0
    },
    "vm.memory.heap.used.window.5m" : {
      "count" : 1,
      "max" : 110724072,
      "mean" : 1.10724072E8,
      "min" : 110724072,
      "p50" : 1.10724072E8,
      "p75" : 1.10724072E8,
      "p95" : 1.10724072E8,
      "p98" : 1.10724072E8,
      "p99" : 1.10724072E8,
      "p999" : 1.10724072E8,
      "values" : [ 110724072 ],
      "stddev" : 0.0
    },
    "vm.memory.non-heap.committed.history" : {
      "count" : 1,
      "max" : 128802816,
      "mean" : 1.28802816E8,
      "min" : 128802816,
      "p50" : 1.28802816E8,
      "p75" : 1.28802816E8,
      "p95" : 1.28802816E8,
      "p98" : 1.28802816E8,
      "p99" : 1.28802816E8,
      "p999" : 1.28802816E8,
      "values" : [ 128802816 ],
      "stddev" : 0.0
    },
    "vm.memory.non-heap.committed.window.15m" : {
      "count" : 1,
      "max" : 128802816,
      "mean" : 1.28802816E8,
      "min" : 128802816,
      "p50" : 1.28802816E8,
      "p75" : 1.28802816E8,
      "p95" : 1.28802816E8,
      "p98" : 1.28802816E8,
      "p99" : 1.28802816E8,
      "p999" : 1.28802816E8,
      "values" : [ 128802816 ],
      "stddev" : 0.0
    },
    "vm.memory.non-heap.committed.window.1h" : {
      "count" : 1,
      "max" : 128802816,
      "mean" : 1.28802816E8,
      "min" : 128802816,
      "p50" : 1.28802816E8,
      "p75" : 1.28802816E8,
      "p95" : 1.28802816E8,
      "p98" : 1.28802816E8,
      "p99" : 1.28802816E8,
      "p999" : 1.28802816E8,
      "values" : [ 128802816 ],
      "stddev" : 0.0
    },
    "vm.memory.non-heap.committed.window.5m" : {
      "count" : 1,
      "max" : 128802816,
      "mean" : 1.28802816E8,
      "min" : 128802816,
      "p50" : 1.28802816E8,
      "p75" : 1.28802816E8,
      "p95" : 1.28802816E8,
      "p98" : 1.28802816E8,
      "p99" : 1.28802816E8,
      "p999" : 1.28802816E8,
      "values" : [ 128802816 ],
      "stddev" : 0.0
    },
    "vm.memory.non-heap.usage.x100.history" : {
      "count" : 1,
      "max" : -11633478400,
      "mean" : -1.16334784E10,
      "min" : -11633478400,
      "p50" : -1.16334784E10,
      "p75" : -1.16334784E10,
      "p95" : -1.16334784E10,
      "p98" : -1.16334784E10,
      "p99" : -1.16334784E10,
      "p999" : -1.16334784E10,
      "values" : [ -11633478400 ],
      "stddev" : 0.0
    },
    "vm.memory.non-heap.usage.x100.window.15m" : {
      "count" : 1,
      "max" : -11633478400,
      "mean" : -1.16334784E10,
      "min" : -11633478400,
      "p50" : -1.16334784E10,
      "p75" : -1.16334784E10,
      "p95" : -1.16334784E10,
      "p98" : -1.16334784E10,
      "p99" : -1.16334784E10,
      "p999" : -1.16334784E10,
      "values" : [ -11633478400 ],
      "stddev" : 0.0
    },
    "vm.memory.non-heap.usage.x100.window.1h" : {
      "count" : 1,
      "max" : -11633478400,
      "mean" : -1.16334784E10,
      "min" : -11633478400,
      "p50" : -1.16334784E10,
      "p75" : -1.16334784E10,
      "p95" : -1.16334784E10,
      "p98" : -1.16334784E10,
      "p99" : -1.16334784E10,
      "p999" : -1.16334784E10,
      "values" : [ -11633478400 ],
      "stddev" : 0.0
    },
    "vm.memory.non-heap.usage.x100.window.5m" : {
      "count" : 1,
      "max" : -11633478400,
      "mean" : -1.16334784E10,
      "min" : -11633478400,
      "p50" : -1.16334784E10,
      "p75" : -1.16334784E10,
      "p95" : -1.16334784E10,
      "p98" : -1.16334784E10,
      "p99" : -1.16334784E10,
      "p999" : -1.16334784E10,
      "values" : [ -11633478400 ],
      "stddev" : 0.0
    },
    "vm.memory.non-heap.used.history" : {
      "count" : 1,
      "max" : 116334848,
      "mean" : 1.16334848E8,
      "min" : 116334848,
      "p50" : 1.16334848E8,
      "p75" : 1.16334848E8,
      "p95" : 1.16334848E8,
      "p98" : 1.16334848E8,
      "p99" : 1.16334848E8,
      "p999" : 1.16334848E8,
      "values" : [ 116334848 ],
      "stddev" : 0.0
    },
    "vm.memory.non-heap.used.window.15m" : {
      "count" : 1,
      "max" : 116334848,
      "mean" : 1.16334848E8,
      "min" : 116334848,
      "p50" : 1.16334848E8,
      "p75" : 1.16334848E8,
      "p95" : 1.16334848E8,
      "p98" : 1.16334848E8,
      "p99" : 1.16334848E8,
      "p999" : 1.16334848E8,
      "values" : [ 116334848 ],
      "stddev" : 0.0
    },
    "vm.memory.non-heap.used.window.1h" : {
      "count" : 1,
      "max" : 116334944,
      "mean" : 1.16334944E8,
      "min" : 116334944,
      "p50" : 1.16334944E8,
      "p75" : 1.16334944E8,
      "p95" : 1.16334944E8,
      "p98" : 1.16334944E8,
      "p99" : 1.16334944E8,
      "p999" : 1.16334944E8,
      "values" : [ 116334944 ],
      "stddev" : 0.0
    },
    "vm.memory.non-heap.used.window.5m" : {
      "count" : 1,
      "max" : 116334944,
      "mean" : 1.16334944E8,
      "min" : 116334944,
      "p50" : 1.16334944E8,
      "p75" : 1.16334944E8,
      "p95" : 1.16334944E8,
      "p98" : 1.16334944E8,
      "p99" : 1.16334944E8,
      "p999" : 1.16334944E8,
      "values" : [ 116334944 ],
      "stddev" : 0.0
    },
    "vm.memory.pools.Code-Cache.committed.history" : {
      "count" : 1,
      "max" : 20316160,
      "mean" : 2.031616E7,
      "min" : 20316160,
      "p50" : 2.031616E7,
      "p75" : 2.031616E7,
      "p95" : 2.031616E7,
      "p98" : 2.031616E7,
      "p99" : 2.031616E7,
      "p999" : 2.031616E7,
      "values" : [ 20316160 ],
      "stddev" : 0.0
    },
    "vm.memory.pools.Code-Cache.committed.window.15m" : {
      "count" : 1,
      "max" : 20316160,
      "mean" : 2.031616E7,
      "min" : 20316160,
      "p50" : 2.031616E7,
      "p75" : 2.031616E7,
      "p95" : 2.031616E7,
      "p98" : 2.031616E7,
      "p99" : 2.031616E7,
      "p999" : 2.031616E7,
      "values" : [ 20316160 ],
      "stddev" : 0.0
    },
    "vm.memory.pools.Code-Cache.committed.window.1h" : {
      "count" : 1,
      "max" : 20316160,
      "mean" : 2.031616E7,
      "min" : 20316160,
      "p50" : 2.031616E7,
      "p75" : 2.031616E7,
      "p95" : 2.031616E7,
      "p98" : 2.031616E7,
      "p99" : 2.031616E7,
      "p999" : 2.031616E7,
      "values" : [ 20316160 ],
      "stddev" : 0.0
    },
    "vm.memory.pools.Code-Cache.committed.window.5m" : {
      "count" : 1,
      "max" : 20316160,
      "mean" : 2.031616E7,
      "min" : 20316160,
      "p50" : 2.031616E7,
      "p75" : 2.031616E7,
      "p95" : 2.031616E7,
      "p98" : 2.031616E7,
      "p99" : 2.031616E7,
      "p999" : 2.031616E7,
      "values" : [ 20316160 ],
      "stddev" : 0.0
    },
    "vm.memory.pools.Code-Cache.usage.x100.history" : {
      "count" : 1,
      "max" : 8,
      "mean" : 8.0,
      "min" : 8,
      "p50" : 8.0,
      "p75" : 8.0,
      "p95" : 8.0,
      "p98" : 8.0,
      "p99" : 8.0,
      "p999" : 8.0,
      "values" : [ 8 ],
      "stddev" : 0.0
    },
    "vm.memory.pools.Code-Cache.usage.x100.window.15m" : {
      "count" : 1,
      "max" : 8,
      "mean" : 8.0,
      "min" : 8,
      "p50" : 8.0,
      "p75" : 8.0,
      "p95" : 8.0,
      "p98" : 8.0,
      "p99" : 8.0,
      "p999" : 8.0,
      "values" : [ 8 ],
      "stddev" : 0.0
    },
    "vm.memory.pools.Code-Cache.usage.x100.window.1h" : {
      "count" : 1,
      "max" : 8,
      "mean" : 8.0,
      "min" : 8,
      "p50" : 8.0,
      "p75" : 8.0,
      "p95" : 8.0,
      "p98" : 8.0,
      "p99" : 8.0,
      "p999" : 8.0,
      "values" : [ 8 ],
      "stddev" : 0.0
    },
    "vm.memory.pools.Code-Cache.usage.x100.window.5m" : {
      "count" : 1,
      "max" : 8,
      "mean" : 8.0,
      "min" : 8,
      "p50" : 8.0,
      "p75" : 8.0,
      "p95" : 8.0,
      "p98" : 8.0,
      "p99" : 8.0,
      "p999" : 8.0,
      "values" : [ 8 ],
      "stddev" : 0.0
    },
    "vm.memory.pools.Code-Cache.used.history" : {
      "count" : 1,
      "max" : 19702080,
      "mean" : 1.970208E7,
      "min" : 19702080,
      "p50" : 1.970208E7,
      "p75" : 1.970208E7,
      "p95" : 1.970208E7,
      "p98" : 1.970208E7,
      "p99" : 1.970208E7,
      "p999" : 1.970208E7,
      "values" : [ 19702080 ],
      "stddev" : 0.0
    },
    "vm.memory.pools.Code-Cache.used.window.15m" : {
      "count" : 1,
      "max" : 19702080,
      "mean" : 1.970208E7,
      "min" : 19702080,
      "p50" : 1.970208E7,
      "p75" : 1.970208E7,
      "p95" : 1.970208E7,
      "p98" : 1.970208E7,
      "p99" : 1.970208E7,
      "p999" : 1.970208E7,
      "values" : [ 19702080 ],
      "stddev" : 0.0
    },
    "vm.memory.pools.Code-Cache.used.window.1h" : {
      "count" : 1,
      "max" : 19702080,
      "mean" : 1.970208E7,
      "min" : 19702080,
      "p50" : 1.970208E7,
      "p75" : 1.970208E7,
      "p95" : 1.970208E7,
      "p98" : 1.970208E7,
      "p99" : 1.970208E7,
      "p999" : 1.970208E7,
      "values" : [ 19702080 ],
      "stddev" : 0.0
    },
    "vm.memory.pools.Code-Cache.used.window.5m" : {
      "count" : 1,
      "max" : 19702080,
      "mean" : 1.970208E7,
      "min" : 19702080,
      "p50" : 1.970208E7,
      "p75" : 1.970208E7,
      "p95" : 1.970208E7,
      "p98" : 1.970208E7,
      "p99" : 1.970208E7,
      "p999" : 1.970208E7,
      "values" : [ 19702080 ],
      "stddev" : 0.0
    },
    "vm.memory.pools.Compressed-Class-Space.committed.history" : {
      "count" : 1,
      "max" : 12451840,
      "mean" : 1.245184E7,
      "min" : 12451840,
      "p50" : 1.245184E7,
      "p75" : 1.245184E7,
      "p95" : 1.245184E7,
      "p98" : 1.245184E7,
      "p99" : 1.245184E7,
      "p999" : 1.245184E7,
      "values" : [ 12451840 ],
      "stddev" : 0.0
    },
    "vm.memory.pools.Compressed-Class-Space.committed.window.15m" : {
      "count" : 1,
      "max" : 12451840,
      "mean" : 1.245184E7,
      "min" : 12451840,
      "p50" : 1.245184E7,
      "p75" : 1.245184E7,
      "p95" : 1.245184E7,
      "p98" : 1.245184E7,
      "p99" : 1.245184E7,
      "p999" : 1.245184E7,
      "values" : [ 12451840 ],
      "stddev" : 0.0
    },
    "vm.memory.pools.Compressed-Class-Space.committed.window.1h" : {
      "count" : 1,
      "max" : 12451840,
      "mean" : 1.245184E7,
      "min" : 12451840,
      "p50" : 1.245184E7,
      "p75" : 1.245184E7,
      "p95" : 1.245184E7,
      "p98" : 1.245184E7,
      "p99" : 1.245184E7,
      "p999" : 1.245184E7,
      "values" : [ 12451840 ],
      "stddev" : 0.0
    },
    "vm.memory.pools.Compressed-Class-Space.committed.window.5m" : {
      "count" : 1,
      "max" : 12451840,
      "mean" : 1.245184E7,
      "min" : 12451840,
      "p50" : 1.245184E7,
      "p75" : 1.245184E7,
      "p95" : 1.245184E7,
      "p98" : 1.245184E7,
      "p99" : 1.245184E7,
      "p999" : 1.245184E7,
      "values" : [ 12451840 ],
      "stddev" : 0.0
    },
    "vm.memory.pools.Compressed-Class-Space.usage.x100.history" : {
      "count" : 1,
      "max" : 1,
      "mean" : 1.0,
      "min" : 1,
      "p50" : 1.0,
      "p75" : 1.0,
      "p95" : 1.0,
      "p98" : 1.0,
      "p99" : 1.0,
      "p999" : 1.0,
      "values" : [ 1 ],
      "stddev" : 0.0
    },
    "vm.memory.pools.Compressed-Class-Space.usage.x100.window.15m" : {
      "count" : 1,
      "max" : 1,
      "mean" : 1.0,
      "min" : 1,
      "p50" : 1.0,
      "p75" : 1.0,
      "p95" : 1.0,
      "p98" : 1.0,
      "p99" : 1.0,
      "p999" : 1.0,
      "values" : [ 1 ],
      "stddev" : 0.0
    },
    "vm.memory.pools.Compressed-Class-Space.usage.x100.window.1h" : {
      "count" : 1,
      "max" : 1,
      "mean" : 1.0,
      "min" : 1,
      "p50" : 1.0,
      "p75" : 1.0,
      "p95" : 1.0,
      "p98" : 1.0,
      "p99" : 1.0,
      "p999" : 1.0,
      "values" : [ 1 ],
      "stddev" : 0.0
    },
    "vm.memory.pools.Compressed-Class-Space.usage.x100.window.5m" : {
      "count" : 1,
      "max" : 1,
      "mean" : 1.0,
      "min" : 1,
      "p50" : 1.0,
      "p75" : 1.0,
      "p95" : 1.0,
      "p98" : 1.0,
      "p99" : 1.0,
      "p999" : 1.0,
      "values" : [ 1 ],
      "stddev" : 0.0
    },
    "vm.memory.pools.Compressed-Class-Space.used.history" : {
      "count" : 1,
      "max" : 10003688,
      "mean" : 1.0003688E7,
      "min" : 10003688,
      "p50" : 1.0003688E7,
      "p75" : 1.0003688E7,
      "p95" : 1.0003688E7,
      "p98" : 1.0003688E7,
      "p99" : 1.0003688E7,
      "p999" : 1.0003688E7,
      "values" : [ 10003688 ],
      "stddev" : 0.0
    },
    "vm.memory.pools.Compressed-Class-Space.used.window.15m" : {
      "count" : 1,
      "max" : 10003688,
      "mean" : 1.0003688E7,
      "min" : 10003688,
      "p50" : 1.0003688E7,
      "p75" : 1.0003688E7,
      "p95" : 1.0003688E7,
      "p98" : 1.0003688E7,
      "p99" : 1.0003688E7,
      "p999" : 1.0003688E7,
      "values" : [ 10003688 ],
      "stddev" : 0.0
    },
    "vm.memory.pools.Compressed-Class-Space.used.window.1h" : {
      "count" : 1,
      "max" : 10003688,
      "mean" : 1.0003688E7,
      "min" : 10003688,
      "p50" : 1.0003688E7,
      "p75" : 1.0003688E7,
      "p95" : 1.0003688E7,
      "p98" : 1.0003688E7,
      "p99" : 1.0003688E7,
      "p999" : 1.0003688E7,
      "values" : [ 10003688 ],
      "stddev" : 0.0
    },
    "vm.memory.pools.Compressed-Class-Space.used.window.5m" : {
      "count" : 1,
      "max" : 10003688,
      "mean" : 1.0003688E7,
      "min" : 10003688,
      "p50" : 1.0003688E7,
      "p75" : 1.0003688E7,
      "p95" : 1.0003688E7,
      "p98" : 1.0003688E7,
      "p99" : 1.0003688E7,
      "p999" : 1.0003688E7,
      "values" : [ 10003688 ],
      "stddev" : 0.0
    },
    "vm.memory.pools.Metaspace.committed.history" : {
      "count" : 1,
      "max" : 96034816,
      "mean" : 9.6034816E7,
      "min" : 96034816,
      "p50" : 9.6034816E7,
      "p75" : 9.6034816E7,
      "p95" : 9.6034816E7,
      "p98" : 9.6034816E7,
      "p99" : 9.6034816E7,
      "p999" : 9.6034816E7,
      "values" : [ 96034816 ],
      "stddev" : 0.0
    },
    "vm.memory.pools.Metaspace.committed.window.15m" : {
      "count" : 1,
      "max" : 96034816,
      "mean" : 9.6034816E7,
      "min" : 96034816,
      "p50" : 9.6034816E7,
      "p75" : 9.6034816E7,
      "p95" : 9.6034816E7,
      "p98" : 9.6034816E7,
      "p99" : 9.6034816E7,
      "p999" : 9.6034816E7,
      "values" : [ 96034816 ],
      "stddev" : 0.0
    },
    "vm.memory.pools.Metaspace.committed.window.1h" : {
      "count" : 1,
      "max" : 96034816,
      "mean" : 9.6034816E7,
      "min" : 96034816,
      "p50" : 9.6034816E7,
      "p75" : 9.6034816E7,
      "p95" : 9.6034816E7,
      "p98" : 9.6034816E7,
      "p99" : 9.6034816E7,
      "p999" : 9.6034816E7,
      "values" : [ 96034816 ],
      "stddev" : 0.0
    },
    "vm.memory.pools.Metaspace.committed.window.5m" : {
      "count" : 1,
      "max" : 96034816,
      "mean" : 9.6034816E7,
      "min" : 96034816,
      "p50" : 9.6034816E7,
      "p75" : 9.6034816E7,
      "p95" : 9.6034816E7,
      "p98" : 9.6034816E7,
      "p99" : 9.6034816E7,
      "p999" : 9.6034816E7,
      "values" : [ 96034816 ],
      "stddev" : 0.0
    },
    "vm.memory.pools.Metaspace.usage.x100.history" : {
      "count" : 1,
      "max" : 90,
      "mean" : 90.0,
      "min" : 90,
      "p50" : 90.0,
      "p75" : 90.0,
      "p95" : 90.0,
      "p98" : 90.0,
      "p99" : 90.0,
      "p999" : 90.0,
      "values" : [ 90 ],
      "stddev" : 0.0
    },
    "vm.memory.pools.Metaspace.usage.x100.window.15m" : {
      "count" : 1,
      "max" : 90,
      "mean" : 90.0,
      "min" : 90,
      "p50" : 90.0,
      "p75" : 90.0,
      "p95" : 90.0,
      "p98" : 90.0,
      "p99" : 90.0,
      "p999" : 90.0,
      "values" : [ 90 ],
      "stddev" : 0.0
    },
    "vm.memory.pools.Metaspace.usage.x100.window.1h" : {
      "count" : 1,
      "max" : 90,
      "mean" : 90.0,
      "min" : 90,
      "p50" : 90.0,
      "p75" : 90.0,
      "p95" : 90.0,
      "p98" : 90.0,
      "p99" : 90.0,
      "p999" : 90.0,
      "values" : [ 90 ],
      "stddev" : 0.0
    },
    "vm.memory.pools.Metaspace.usage.x100.window.5m" : {
      "count" : 1,
      "max" : 90,
      "mean" : 90.0,
      "min" : 90,
      "p50" : 90.0,
      "p75" : 90.0,
      "p95" : 90.0,
      "p98" : 90.0,
      "p99" : 90.0,
      "p999" : 90.0,
      "values" : [ 90 ],
      "stddev" : 0.0
    },
    "vm.memory.pools.Metaspace.used.history" : {
      "count" : 1,
      "max" : 86629744,
      "mean" : 8.6629744E7,
      "min" : 86629744,
      "p50" : 8.6629744E7,
      "p75" : 8.6629744E7,
      "p95" : 8.6629744E7,
      "p98" : 8.6629744E7,
      "p99" : 8.6629744E7,
      "p999" : 8.6629744E7,
      "values" : [ 86629744 ],
      "stddev" : 0.0
    },
    "vm.memory.pools.Metaspace.used.window.15m" : {
      "count" : 1,
      "max" : 86629744,
      "mean" : 8.6629744E7,
      "min" : 86629744,
      "p50" : 8.6629744E7,
      "p75" : 8.6629744E7,
      "p95" : 8.6629744E7,
      "p98" : 8.6629744E7,
      "p99" : 8.6629744E7,
      "p999" : 8.6629744E7,
      "values" : [ 86629744 ],
      "stddev" : 0.0
    },
    "vm.memory.pools.Metaspace.used.window.1h" : {
      "count" : 1,
      "max" : 86629744,
      "mean" : 8.6629744E7,
      "min" : 86629744,
      "p50" : 8.6629744E7,
      "p75" : 8.6629744E7,
      "p95" : 8.6629744E7,
      "p98" : 8.6629744E7,
      "p99" : 8.6629744E7,
      "p999" : 8.6629744E7,
      "values" : [ 86629744 ],
      "stddev" : 0.0
    },
    "vm.memory.pools.Metaspace.used.window.5m" : {
      "count" : 1,
      "max" : 86629744,
      "mean" : 8.6629744E7,
      "min" : 86629744,
      "p50" : 8.6629744E7,
      "p75" : 8.6629744E7,
      "p95" : 8.6629744E7,
      "p98" : 8.6629744E7,
      "p99" : 8.6629744E7,
      "p999" : 8.6629744E7,
      "values" : [ 86629744 ],
      "stddev" : 0.0
    },
    "vm.memory.pools.PS-Eden-Space.committed.history" : {
      "count" : 1,
      "max" : 272629760,
      "mean" : 2.7262976E8,
      "min" : 272629760,
      "p50" : 2.7262976E8,
      "p75" : 2.7262976E8,
      "p95" : 2.7262976E8,
      "p98" : 2.7262976E8,
      "p99" : 2.7262976E8,
      "p999" : 2.7262976E8,
      "values" : [ 272629760 ],
      "stddev" : 0.0
    },
    "vm.memory.pools.PS-Eden-Space.committed.window.15m" : {
      "count" : 1,
      "max" : 272629760,
      "mean" : 2.7262976E8,
      "min" : 272629760,
      "p50" : 2.7262976E8,
      "p75" : 2.7262976E8,
      "p95" : 2.7262976E8,
      "p98" : 2.7262976E8,
      "p99" : 2.7262976E8,
      "p999" : 2.7262976E8,
      "values" : [ 272629760 ],
      "stddev" : 0.0
    },
    "vm.memory.pools.PS-Eden-Space.committed.window.1h" : {
      "count" : 1,
      "max" : 272629760,
      "mean" : 2.7262976E8,
      "min" : 272629760,
      "p50" : 2.7262976E8,
      "p75" : 2.7262976E8,
      "p95" : 2.7262976E8,
      "p98" : 2.7262976E8,
      "p99" : 2.7262976E8,
      "p999" : 2.7262976E8,
      "values" : [ 272629760 ],
      "stddev" : 0.0
    },
    "vm.memory.pools.PS-Eden-Space.committed.window.5m" : {
      "count" : 1,
      "max" : 272629760,
      "mean" : 2.7262976E8,
      "min" : 272629760,
      "p50" : 2.7262976E8,
      "p75" : 2.7262976E8,
      "p95" : 2.7262976E8,
      "p98" : 2.7262976E8,
      "p99" : 2.7262976E8,
      "p999" : 2.7262976E8,
      "values" : [ 272629760 ],
      "stddev" : 0.0
    },
    "vm.memory.pools.PS-Eden-Space.usage.x100.history" : {
      "count" : 1,
      "max" : 13,
      "mean" : 13.0,
      "min" : 13,
      "p50" : 13.0,
      "p75" : 13.0,
      "p95" : 13.0,
      "p98" : 13.0,
      "p99" : 13.0,
      "p999" : 13.0,
      "values" : [ 13 ],
      "stddev" : 0.0
    },
    "vm.memory.pools.PS-Eden-Space.usage.x100.window.15m" : {
      "count" : 1,
      "max" : 13,
      "mean" : 13.0,
      "min" : 13,
      "p50" : 13.0,
      "p75" : 13.0,
      "p95" : 13.0,
      "p98" : 13.0,
      "p99" : 13.0,
      "p999" : 13.0,
      "values" : [ 13 ],
      "stddev" : 0.0
    },
    "vm.memory.pools.PS-Eden-Space.usage.x100.window.1h" : {
      "count" : 1,
      "max" : 13,
      "mean" : 13.0,
      "min" : 13,
      "p50" : 13.0,
      "p75" : 13.0,
      "p95" : 13.0,
      "p98" : 13.0,
      "p99" : 13.0,
      "p999" : 13.0,
      "values" : [ 13 ],
      "stddev" : 0.0
    },
    "vm.memory.pools.PS-Eden-Space.usage.x100.window.5m" : {
      "count" : 1,
      "max" : 13,
      "mean" : 13.0,
      "min" : 13,
      "p50" : 13.0,
      "p75" : 13.0,
      "p95" : 13.0,
      "p98" : 13.0,
      "p99" : 13.0,
      "p999" : 13.0,
      "values" : [ 13 ],
      "stddev" : 0.0
    },
    "vm.memory.pools.PS-Eden-Space.used.history" : {
      "count" : 1,
      "max" : 45349896,
      "mean" : 4.5349896E7,
      "min" : 45349896,
      "p50" : 4.5349896E7,
      "p75" : 4.5349896E7,
      "p95" : 4.5349896E7,
      "p98" : 4.5349896E7,
      "p99" : 4.5349896E7,
      "p999" : 4.5349896E7,
      "values" : [ 45349896 ],
      "stddev" : 0.0
    },
    "vm.memory.pools.PS-Eden-Space.used.window.15m" : {
      "count" : 1,
      "max" : 45349896,
      "mean" : 4.5349896E7,
      "min" : 45349896,
      "p50" : 4.5349896E7,
      "p75" : 4.5349896E7,
      "p95" : 4.5349896E7,
      "p98" : 4.5349896E7,
      "p99" : 4.5349896E7,
      "p999" : 4.5349896E7,
      "values" : [ 45349896 ],
      "stddev" : 0.0
    },
    "vm.memory.pools.PS-Eden-Space.used.window.1h" : {
      "count" : 1,
      "max" : 45349896,
      "mean" : 4.5349896E7,
      "min" : 45349896,
      "p50" : 4.5349896E7,
      "p75" : 4.5349896E7,
      "p95" : 4.5349896E7,
      "p98" : 4.5349896E7,
      "p99" : 4.5349896E7,
      "p999" : 4.5349896E7,
      "values" : [ 45349896 ],
      "stddev" : 0.0
    },
    "vm.memory.pools.PS-Eden-Space.used.window.5m" : {
      "count" : 1,
      "max" : 45349896,
      "mean" : 4.5349896E7,
      "min" : 45349896,
      "p50" : 4.5349896E7,
      "p75" : 4.5349896E7,
      "p95" : 4.5349896E7,
      "p98" : 4.5349896E7,
      "p99" : 4.5349896E7,
      "p999" : 4.5349896E7,
      "values" : [ 45349896 ],
      "stddev" : 0.0
    },
    "vm.memory.pools.PS-Old-Gen.committed.history" : {
      "count" : 1,
      "max" : 77594624,
      "mean" : 7.7594624E7,
      "min" : 77594624,
      "p50" : 7.7594624E7,
      "p75" : 7.7594624E7,
      "p95" : 7.7594624E7,
      "p98" : 7.7594624E7,
      "p99" : 7.7594624E7,
      "p999" : 7.7594624E7,
      "values" : [ 77594624 ],
      "stddev" : 0.0
    },
    "vm.memory.pools.PS-Old-Gen.committed.window.15m" : {
      "count" : 1,
      "max" : 77594624,
      "mean" : 7.7594624E7,
      "min" : 77594624,
      "p50" : 7.7594624E7,
      "p75" : 7.7594624E7,
      "p95" : 7.7594624E7,
      "p98" : 7.7594624E7,
      "p99" : 7.7594624E7,
      "p999" : 7.7594624E7,
      "values" : [ 77594624 ],
      "stddev" : 0.0
    },
    "vm.memory.pools.PS-Old-Gen.committed.window.1h" : {
      "count" : 1,
      "max" : 77594624,
      "mean" : 7.7594624E7,
      "min" : 77594624,
      "p50" : 7.7594624E7,
      "p75" : 7.7594624E7,
      "p95" : 7.7594624E7,
      "p98" : 7.7594624E7,
      "p99" : 7.7594624E7,
      "p999" : 7.7594624E7,
      "values" : [ 77594624 ],
      "stddev" : 0.0
    },
    "vm.memory.pools.PS-Old-Gen.committed.window.5m" : {
      "count" : 1,
      "max" : 77594624,
      "mean" : 7.7594624E7,
      "min" : 77594624,
      "p50" : 7.7594624E7,
      "p75" : 7.7594624E7,
      "p95" : 7.7594624E7,
      "p98" : 7.7594624E7,
      "p99" : 7.7594624E7,
      "p999" : 7.7594624E7,
      "values" : [ 77594624 ],
      "stddev" : 0.0
    },
    "vm.memory.pools.PS-Old-Gen.usage.x100.history" : {
      "count" : 1,
      "max" : 7,
      "mean" : 7.0,
      "min" : 7,
      "p50" : 7.0,
      "p75" : 7.0,
      "p95" : 7.0,
      "p98" : 7.0,
      "p99" : 7.0,
      "p999" : 7.0,
      "values" : [ 7 ],
      "stddev" : 0.0
    },
    "vm.memory.pools.PS-Old-Gen.usage.x100.window.15m" : {
      "count" : 1,
      "max" : 7,
      "mean" : 7.0,
      "min" : 7,
      "p50" : 7.0,
      "p75" : 7.0,
      "p95" : 7.0,
      "p98" : 7.0,
      "p99" : 7.0,
      "p999" : 7.0,
      "values" : [ 7 ],
      "stddev" : 0.0
    },
    "vm.memory.pools.PS-Old-Gen.usage.x100.window.1h" : {
      "count" : 1,
      "max" : 7,
      "mean" : 7.0,
      "min" : 7,
      "p50" : 7.0,
      "p75" : 7.0,
      "p95" : 7.0,
      "p98" : 7.0,
      "p99" : 7.0,
      "p999" : 7.0,
      "values" : [ 7 ],
      "stddev" : 0.0
    },
    "vm.memory.pools.PS-Old-Gen.usage.x100.window.5m" : {
      "count" : 1,
      "max" : 7,
      "mean" : 7.0,
      "min" : 7,
      "p50" : 7.0,
      "p75" : 7.0,
      "p95" : 7.0,
      "p98" : 7.0,
      "p99" : 7.0,
      "p999" : 7.0,
      "values" : [ 7 ],
      "stddev" : 0.0
    },
    "vm.memory.pools.PS-Old-Gen.used.history" : {
      "count" : 1,
      "max" : 54383208,
      "mean" : 5.4383208E7,
      "min" : 54383208,
      "p50" : 5.4383208E7,
      "p75" : 5.4383208E7,
      "p95" : 5.4383208E7,
      "p98" : 5.4383208E7,
      "p99" : 5.4383208E7,
      "p999" : 5.4383208E7,
      "values" : [ 54383208 ],
      "stddev" : 0.0
    },
    "vm.memory.pools.PS-Old-Gen.used.window.15m" : {
      "count" : 1,
      "max" : 54383208,
      "mean" : 5.4383208E7,
      "min" : 54383208,
      "p50" : 5.4383208E7,
      "p75" : 5.4383208E7,
      "p95" : 5.4383208E7,
      "p98" : 5.4383208E7,
      "p99" : 5.4383208E7,
      "p999" : 5.4383208E7,
      "values" : [ 54383208 ],
      "stddev" : 0.0
    },
    "vm.memory.pools.PS-Old-Gen.used.window.1h" : {
      "count" : 1,
      "max" : 54383208,
      "mean" : 5.4383208E7,
      "min" : 54383208,
      "p50" : 5.4383208E7,
      "p75" : 5.4383208E7,
      "p95" : 5.4383208E7,
      "p98" : 5.4383208E7,
      "p99" : 5.4383208E7,
      "p999" : 5.4383208E7,
      "values" : [ 54383208 ],
      "stddev" : 0.0
    },
    "vm.memory.pools.PS-Old-Gen.used.window.5m" : {
      "count" : 1,
      "max" : 54383208,
      "mean" : 5.4383208E7,
      "min" : 54383208,
      "p50" : 5.4383208E7,
      "p75" : 5.4383208E7,
      "p95" : 5.4383208E7,
      "p98" : 5.4383208E7,
      "p99" : 5.4383208E7,
      "p999" : 5.4383208E7,
      "values" : [ 54383208 ],
      "stddev" : 0.0
    },
    "vm.memory.pools.PS-Survivor-Space.committed.history" : {
      "count" : 1,
      "max" : 11010048,
      "mean" : 1.1010048E7,
      "min" : 11010048,
      "p50" : 1.1010048E7,
      "p75" : 1.1010048E7,
      "p95" : 1.1010048E7,
      "p98" : 1.1010048E7,
      "p99" : 1.1010048E7,
      "p999" : 1.1010048E7,
      "values" : [ 11010048 ],
      "stddev" : 0.0
    },
    "vm.memory.pools.PS-Survivor-Space.committed.window.15m" : {
      "count" : 1,
      "max" : 11010048,
      "mean" : 1.1010048E7,
      "min" : 11010048,
      "p50" : 1.1010048E7,
      "p75" : 1.1010048E7,
      "p95" : 1.1010048E7,
      "p98" : 1.1010048E7,
      "p99" : 1.1010048E7,
      "p999" : 1.1010048E7,
      "values" : [ 11010048 ],
      "stddev" : 0.0
    },
    "vm.memory.pools.PS-Survivor-Space.committed.window.1h" : {
      "count" : 1,
      "max" : 11010048,
      "mean" : 1.1010048E7,
      "min" : 11010048,
      "p50" : 1.1010048E7,
      "p75" : 1.1010048E7,
      "p95" : 1.1010048E7,
      "p98" : 1.1010048E7,
      "p99" : 1.1010048E7,
      "p999" : 1.1010048E7,
      "values" : [ 11010048 ],
      "stddev" : 0.0
    },
    "vm.memory.pools.PS-Survivor-Space.committed.window.5m" : {
      "count" : 1,
      "max" : 11010048,
      "mean" : 1.1010048E7,
      "min" : 11010048,
      "p50" : 1.1010048E7,
      "p75" : 1.1010048E7,
      "p95" : 1.1010048E7,
      "p98" : 1.1010048E7,
      "p99" : 1.1010048E7,
      "p999" : 1.1010048E7,
      "values" : [ 11010048 ],
      "stddev" : 0.0
    },
    "vm.memory.pools.PS-Survivor-Space.usage.x100.history" : {
      "count" : 1,
      "max" : 100,
      "mean" : 100.0,
      "min" : 100,
      "p50" : 100.0,
      "p75" : 100.0,
      "p95" : 100.0,
      "p98" : 100.0,
      "p99" : 100.0,
      "p999" : 100.0,
      "values" : [ 100 ],
      "stddev" : 0.0
    },
    "vm.memory.pools.PS-Survivor-Space.usage.x100.window.15m" : {
      "count" : 1,
      "max" : 100,
      "mean" : 100.0,
      "min" : 100,
      "p50" : 100.0,
      "p75" : 100.0,
      "p95" : 100.0,
      "p98" : 100.0,
      "p99" : 100.0,
      "p999" : 100.0,
      "values" : [ 100 ],
      "stddev" : 0.0
    },
    "vm.memory.pools.PS-Survivor-Space.usage.x100.window.1h" : {
      "count" : 1,
      "max" : 100,
      "mean" : 100.0,
      "min" : 100,
      "p50" : 100.0,
      "p75" : 100.0,
      "p95" : 100.0,
      "p98" : 100.0,
      "p99" : 100.0,
      "p999" : 100.0,
      "values" : [ 100 ],
      "stddev" : 0.0
    },
    "vm.memory.pools.PS-Survivor-Space.usage.x100.window.5m" : {
      "count" : 1,
      "max" : 100,
      "mean" : 100.0,
      "min" : 100,
      "p50" : 100.0,
      "p75" : 100.0,
      "p95" : 100.0,
      "p98" : 100.0,
      "p99" : 100.0,
      "p999" : 100.0,
      "values" : [ 100 ],
      "stddev" : 0.0
    },
    "vm.memory.pools.PS-Survivor-Space.used.history" : {
      "count" : 1,
      "max" : 10990968,
      "mean" : 1.0990968E7,
      "min" : 10990968,
      "p50" : 1.0990968E7,
      "p75" : 1.0990968E7,
      "p95" : 1.0990968E7,
      "p98" : 1.0990968E7,
      "p99" : 1.0990968E7,
      "p999" : 1.0990968E7,
      "values" : [ 10990968 ],
      "stddev" : 0.0
    },
    "vm.memory.pools.PS-Survivor-Space.used.window.15m" : {
      "count" : 1,
      "max" : 10990968,
      "mean" : 1.0990968E7,
      "min" : 10990968,
      "p50" : 1.0990968E7,
      "p75" : 1.0990968E7,
      "p95" : 1.0990968E7,
      "p98" : 1.0990968E7,
      "p99" : 1.0990968E7,
      "p999" : 1.0990968E7,
      "values" : [ 10990968 ],
      "stddev" : 0.0
    },
    "vm.memory.pools.PS-Survivor-Space.used.window.1h" : {
      "count" : 1,
      "max" : 10990968,
      "mean" : 1.0990968E7,
      "min" : 10990968,
      "p50" : 1.0990968E7,
      "p75" : 1.0990968E7,
      "p95" : 1.0990968E7,
      "p98" : 1.0990968E7,
      "p99" : 1.0990968E7,
      "p999" : 1.0990968E7,
      "values" : [ 10990968 ],
      "stddev" : 0.0
    },
    "vm.memory.pools.PS-Survivor-Space.used.window.5m" : {
      "count" : 1,
      "max" : 10990968,
      "mean" : 1.0990968E7,
      "min" : 10990968,
      "p50" : 1.0990968E7,
      "p75" : 1.0990968E7,
      "p95" : 1.0990968E7,
      "p98" : 1.0990968E7,
      "p99" : 1.0990968E7,
      "p999" : 1.0990968E7,
      "values" : [ 10990968 ],
      "stddev" : 0.0
    },
    "vm.memory.total.committed.history" : {
      "count" : 1,
      "max" : 490037248,
      "mean" : 4.90037248E8,
      "min" : 490037248,
      "p50" : 4.90037248E8,
      "p75" : 4.90037248E8,
      "p95" : 4.90037248E8,
      "p98" : 4.90037248E8,
      "p99" : 4.90037248E8,
      "p999" : 4.90037248E8,
      "values" : [ 490037248 ],
      "stddev" : 0.0
    },
    "vm.memory.total.committed.window.15m" : {
      "count" : 1,
      "max" : 490037248,
      "mean" : 4.90037248E8,
      "min" : 490037248,
      "p50" : 4.90037248E8,
      "p75" : 4.90037248E8,
      "p95" : 4.90037248E8,
      "p98" : 4.90037248E8,
      "p99" : 4.90037248E8,
      "p999" : 4.90037248E8,
      "values" : [ 490037248 ],
      "stddev" : 0.0
    },
    "vm.memory.total.committed.window.1h" : {
      "count" : 1,
      "max" : 490037248,
      "mean" : 4.90037248E8,
      "min" : 490037248,
      "p50" : 4.90037248E8,
      "p75" : 4.90037248E8,
      "p95" : 4.90037248E8,
      "p98" : 4.90037248E8,
      "p99" : 4.90037248E8,
      "p999" : 4.90037248E8,
      "values" : [ 490037248 ],
      "stddev" : 0.0
    },
    "vm.memory.total.committed.window.5m" : {
      "count" : 1,
      "max" : 490037248,
      "mean" : 4.90037248E8,
      "min" : 490037248,
      "p50" : 4.90037248E8,
      "p75" : 4.90037248E8,
      "p95" : 4.90037248E8,
      "p98" : 4.90037248E8,
      "p99" : 4.90037248E8,
      "p999" : 4.90037248E8,
      "values" : [ 490037248 ],
      "stddev" : 0.0
    },
    "vm.memory.total.used.history" : {
      "count" : 1,
      "max" : 227060936,
      "mean" : 2.27060936E8,
      "min" : 227060936,
      "p50" : 2.27060936E8,
      "p75" : 2.27060936E8,
      "p95" : 2.27060936E8,
      "p98" : 2.27060936E8,
      "p99" : 2.27060936E8,
      "p999" : 2.27060936E8,
      "values" : [ 227060936 ],
      "stddev" : 0.0
    },
    "vm.memory.total.used.window.15m" : {
      "count" : 1,
      "max" : 227060936,
      "mean" : 2.27060936E8,
      "min" : 227060936,
      "p50" : 2.27060936E8,
      "p75" : 2.27060936E8,
      "p95" : 2.27060936E8,
      "p98" : 2.27060936E8,
      "p99" : 2.27060936E8,
      "p999" : 2.27060936E8,
      "values" : [ 227060936 ],
      "stddev" : 0.0
    },
    "vm.memory.total.used.window.1h" : {
      "count" : 1,
      "max" : 227060936,
      "mean" : 2.27060936E8,
      "min" : 227060936,
      "p50" : 2.27060936E8,
      "p75" : 2.27060936E8,
      "p95" : 2.27060936E8,
      "p98" : 2.27060936E8,
      "p99" : 2.27060936E8,
      "p999" : 2.27060936E8,
      "values" : [ 227060936 ],
      "stddev" : 0.0
    },
    "vm.memory.total.used.window.5m" : {
      "count" : 1,
      "max" : 227060936,
      "mean" : 2.27060936E8,
      "min" : 227060936,
      "p50" : 2.27060936E8,
      "p75" : 2.27060936E8,
      "p95" : 2.27060936E8,
      "p98" : 2.27060936E8,
      "p99" : 2.27060936E8,
      "p999" : 2.27060936E8,
      "values" : [ 227060936 ],
      "stddev" : 0.0
    }
  },
  "meters" : {
    "http.responseCodes.badRequest" : {
      "count" : 0,
      "m15_rate" : 0.0,
      "m1_rate" : 0.0,
      "m5_rate" : 0.0,
      "mean_rate" : 0.0,
      "units" : "events/minute"
    },
    "http.responseCodes.created" : {
      "count" : 0,
      "m15_rate" : 0.0,
      "m1_rate" : 0.0,
      "m5_rate" : 0.0,
      "mean_rate" : 0.0,
      "units" : "events/minute"
    },
    "http.responseCodes.forbidden" : {
      "count" : 0,
      "m15_rate" : 0.0,
      "m1_rate" : 0.0,
      "m5_rate" : 0.0,
      "mean_rate" : 0.0,
      "units" : "events/minute"
    },
    "http.responseCodes.noContent" : {
      "count" : 0,
      "m15_rate" : 0.0,
      "m1_rate" : 0.0,
      "m5_rate" : 0.0,
      "mean_rate" : 0.0,
      "units" : "events/minute"
    },
    "http.responseCodes.notFound" : {
      "count" : 0,
      "m15_rate" : 0.0,
      "m1_rate" : 0.0,
      "m5_rate" : 0.0,
      "mean_rate" : 0.0,
      "units" : "events/minute"
    },
    "http.responseCodes.notModified" : {
      "count" : 0,
      "m15_rate" : 0.0,
      "m1_rate" : 0.0,
      "m5_rate" : 0.0,
      "mean_rate" : 0.0,
      "units" : "events/minute"
    },
    "http.responseCodes.ok" : {
      "count" : 0,
      "m15_rate" : 0.0,
      "m1_rate" : 0.0,
      "m5_rate" : 0.0,
      "mean_rate" : 0.0,
      "units" : "events/minute"
    },
    "http.responseCodes.other" : {
      "count" : 0,
      "m15_rate" : 0.0,
      "m1_rate" : 0.0,
      "m5_rate" : 0.0,
      "mean_rate" : 0.0,
      "units" : "events/minute"
    },
    "http.responseCodes.serverError" : {
      "count" : 0,
      "m15_rate" : 0.0,
      "m1_rate" : 0.0,
      "m5_rate" : 0.0,
      "mean_rate" : 0.0,
      "units" : "events/minute"
    },
    "http.responseCodes.serviceUnavailable" : {
      "count" : 0,
      "m15_rate" : 0.0,
      "m1_rate" : 0.0,
      "m5_rate" : 0.0,
      "mean_rate" : 0.0,
      "units" : "events/minute"
    },
    "jenkins.job.scheduled" : {
      "count" : 0,
      "m15_rate" : 0.0,
      "m1_rate" : 0.0,
      "m5_rate" : 0.0,
      "mean_rate" : 0.0,
      "units" : "events/minute"
    },
    "jenkins.runs.aborted" : {
      "count" : 0,
      "m15_rate" : 0.0,
      "m1_rate" : 0.0,
      "m5_rate" : 0.0,
      "mean_rate" : 0.0,
      "units" : "events/minute"
    },
    "jenkins.runs.failure" : {
      "count" : 0,
      "m15_rate" : 0.0,
      "m1_rate" : 0.0,
      "m5_rate" : 0.0,
      "mean_rate" : 0.0,
      "units" : "events/minute"
    },
    "jenkins.runs.not_built" : {
      "count" : 0,
      "m15_rate" : 0.0,
      "m1_rate" : 0.0,
      "m5_rate" : 0.0,
      "mean_rate" : 0.0,
      "units" : "events/minute"
    },
    "jenkins.runs.success" : {
      "count" : 0,
      "m15_rate" : 0.0,
      "m1_rate" : 0.0,
      "m5_rate" : 0.0,
      "mean_rate" : 0.0,
      "units" : "events/minute"
    },
    "jenkins.runs.total" : {
      "count" : 0,
      "m15_rate" : 0.0,
      "m1_rate" : 0.0,
      "m5_rate" : 0.0,
      "mean_rate" : 0.0,
      "units" : "events/minute"
    },
    "jenkins.runs.unstable" : {
      "count" : 0,
      "m15_rate" : 0.0,
      "m1_rate" : 0.0,
      "m5_rate" : 0.0,
      "mean_rate" : 0.0,
      "units" : "events/minute"
    },
    "jenkins.task.scheduled" : {
      "count" : 0,
      "m15_rate" : 0.0,
      "m1_rate" : 0.0,
      "m5_rate" : 0.0,
      "mean_rate" : 0.0,
      "units" : "events/minute"
    }
  },
  "timers" : {
    "http.requests" : {
      "count" : 0,
      "max" : 0.0,
      "mean" : 0.0,
      "min" : 0.0,
      "p50" : 0.0,
      "p75" : 0.0,
      "p95" : 0.0,
      "p98" : 0.0,
      "p99" : 0.0,
      "p999" : 0.0,
      "values" : [ ],
      "stddev" : 0.0,
      "m15_rate" : 0.0,
      "m1_rate" : 0.0,
      "m5_rate" : 0.0,
      "mean_rate" : 0.0,
      "duration_units" : "seconds",
      "rate_units" : "calls/minute"
    },
    "jenkins.health-check.duration" : {
      "count" : 0,
      "max" : 0.0,
      "mean" : 0.0,
      "min" : 0.0,
      "p50" : 0.0,
      "p75" : 0.0,
      "p95" : 0.0,
      "p98" : 0.0,
      "p99" : 0.0,
      "p999" : 0.0,
      "values" : [ ],
      "stddev" : 0.0,
      "m15_rate" : 0.0,
      "m1_rate" : 0.0,
      "m5_rate" : 0.0,
      "mean_rate" : 0.0,
      "duration_units" : "seconds",
      "rate_units" : "calls/minute"
    },
    "jenkins.job.blocked.duration" : {
      "count" : 0,
      "max" : 0.0,
      "mean" : 0.0,
      "min" : 0.0,
      "p50" : 0.0,
      "p75" : 0.0,
      "p95" : 0.0,
      "p98" : 0.0,
      "p99" : 0.0,
      "p999" : 0.0,
      "values" : [ ],
      "stddev" : 0.0,
      "m15_rate" : 0.0,
      "m1_rate" : 0.0,
      "m5_rate" : 0.0,
      "mean_rate" : 0.0,
      "duration_units" : "seconds",
      "rate_units" : "calls/minute"
    },
    "jenkins.job.buildable.duration" : {
      "count" : 0,
      "max" : 0.0,
      "mean" : 0.0,
      "min" : 0.0,
      "p50" : 0.0,
      "p75" : 0.0,
      "p95" : 0.0,
      "p98" : 0.0,
      "p99" : 0.0,
      "p999" : 0.0,
      "values" : [ ],
      "stddev" : 0.0,
      "m15_rate" : 0.0,
      "m1_rate" : 0.0,
      "m5_rate" : 0.0,
      "mean_rate" : 0.0,
      "duration_units" : "seconds",
      "rate_units" : "calls/minute"
    },
    "jenkins.job.building.duration" : {
      "count" : 0,
      "max" : 0.0,
      "mean" : 0.0,
      "min" : 0.0,
      "p50" : 0.0,
      "p75" : 0.0,
      "p95" : 0.0,
      "p98" : 0.0,
      "p99" : 0.0,
      "p999" : 0.0,
      "values" : [ ],
      "stddev" : 0.0,
      "m15_rate" : 0.0,
      "m1_rate" : 0.0,
      "m5_rate" : 0.0,
      "mean_rate" : 0.0,
      "duration_units" : "seconds",
      "rate_units" : "calls/minute"
    },
    "jenkins.job.execution.time" : {
      "count" : 0,
      "max" : 0.0,
      "mean" : 0.0,
      "min" : 0.0,
      "p50" : 0.0,
      "p75" : 0.0,
      "p95" : 0.0,
      "p98" : 0.0,
      "p99" : 0.0,
      "p999" : 0.0,
      "values" : [ ],
      "stddev" : 0.0,
      "m15_rate" : 0.0,
      "m1_rate" : 0.0,
      "m5_rate" : 0.0,
      "mean_rate" : 0.0,
      "duration_units" : "seconds",
      "rate_units" : "calls/minute"
    },
    "jenkins.job.queuing.duration" : {
      "count" : 0,
      "max" : 0.0,
      "mean" : 0.0,
      "min" : 0.0,
      "p50" : 0.0,
      "p75" : 0.0,
      "p95" : 0.0,
      "p98" : 0.0,
      "p99" : 0.0,
      "p999" : 0.0,
      "values" : [ ],
      "stddev" : 0.0,
      "m15_rate" : 0.0,
      "m1_rate" : 0.0,
      "m5_rate" : 0.0,
      "mean_rate" : 0.0,
      "duration_units" : "seconds",
      "rate_units" : "calls/minute"
    },
    "jenkins.job.total.duration" : {
      "count" : 0,
      "max" : 0.0,
      "mean" : 0.0,
      "min" : 0.0,
      "p50" : 0.0,
      "p75" : 0.0,
      "p95" : 0.0,
      "p98" : 0.0,
      "p99" : 0.0,
      "p999" : 0.0,
      "values" : [ ],
      "stddev" : 0.0,
      "m15_rate" : 0.0,
      "m1_rate" : 0.0,
      "m5_rate" : 0.0,
      "mean_rate" : 0.0,
      "duration_units" : "seconds",
      "rate_units" : "calls/minute"
    },
    "jenkins.job.waiting.duration" : {
      "count" : 0,
      "max" : 0.0,
      "mean" : 0.0,
      "min" : 0.0,
      "p50" : 0.0,
      "p75" : 0.0,
      "p95" : 0.0,
      "p98" : 0.0,
      "p99" : 0.0,
      "p999" : 0.0,
      "values" : [ ],
      "stddev" : 0.0,
      "m15_rate" : 0.0,
      "m1_rate" : 0.0,
      "m5_rate" : 0.0,
      "mean_rate" : 0.0,
      "duration_units" : "seconds",
      "rate_units" : "calls/minute"
    },
    "jenkins.task.blocked.duration" : {
      "count" : 0,
      "max" : 0.0,
      "mean" : 0.0,
      "min" : 0.0,
      "p50" : 0.0,
      "p75" : 0.0,
      "p95" : 0.0,
      "p98" : 0.0,
      "p99" : 0.0,
      "p999" : 0.0,
      "values" : [ ],
      "stddev" : 0.0,
      "m15_rate" : 0.0,
      "m1_rate" : 0.0,
      "m5_rate" : 0.0,
      "mean_rate" : 0.0,
      "duration_units" : "seconds",
      "rate_units" : "calls/minute"
    },
    "jenkins.task.buildable.duration" : {
      "count" : 0,
      "max" : 0.0,
      "mean" : 0.0,
      "min" : 0.0,
      "p50" : 0.0,
      "p75" : 0.0,
      "p95" : 0.0,
      "p98" : 0.0,
      "p99" : 0.0,
      "p999" : 0.0,
      "values" : [ ],
      "stddev" : 0.0,
      "m15_rate" : 0.0,
      "m1_rate" : 0.0,
      "m5_rate" : 0.0,
      "mean_rate" : 0.0,
      "duration_units" : "seconds",
      "rate_units" : "calls/minute"
    },
    "jenkins.task.execution.duration" : {
      "count" : 0,
      "max" : 0.0,
      "mean" : 0.0,
      "min" : 0.0,
      "p50" : 0.0,
      "p75" : 0.0,
      "p95" : 0.0,
      "p98" : 0.0,
      "p99" : 0.0,
      "p999" : 0.0,
      "values" : [ ],
      "stddev" : 0.0,
      "m15_rate" : 0.0,
      "m1_rate" : 0.0,
      "m5_rate" : 0.0,
      "mean_rate" : 0.0,
      "duration_units" : "seconds",
      "rate_units" : "calls/minute"
    },
    "jenkins.task.queuing.duration" : {
      "count" : 0,
      "max" : 0.0,
      "mean" : 0.0,
      "min" : 0.0,
      "p50" : 0.0,
      "p75" : 0.0,
      "p95" : 0.0,
      "p98" : 0.0,
      "p99" : 0.0,
      "p999" : 0.0,
      "values" : [ ],
      "stddev" : 0.0,
      "m15_rate" : 0.0,
      "m1_rate" : 0.0,
      "m5_rate" : 0.0,
      "mean_rate" : 0.0,
      "duration_units" : "seconds",
      "rate_units" : "calls/minute"
    },
    "jenkins.task.waiting.duration" : {
      "count" : 0,
      "max" : 0.0,
      "mean" : 0.0,
      "min" : 0.0,
      "p50" : 0.0,
      "p75" : 0.0,
      "p95" : 0.0,
      "p98" : 0.0,
      "p99" : 0.0,
      "p999" : 0.0,
      "values" : [ ],
      "stddev" : 0.0,
      "m15_rate" : 0.0,
      "m1_rate" : 0.0,
      "m5_rate" : 0.0,
      "mean_rate" : 0.0,
      "duration_units" : "seconds",
      "rate_units" : "calls/minute"
    }
  }
}