{
  "version" : "4.0.0",
  "gauges" : {
    "jenkins.executor.count.value" : {
      "value" : 2
    },
    "jenkins.executor.free.value" : {
      "value" : 2
    },
    "jenkins.executor.in-use.value" : {
      "value" : 0
    },
    "jenkins.health-check.count" : {
      "value" : 4
    },
    "jenkins.health-check.inverse-score" : {
      "value" : 0.0
    },
    "jenkins.health-check.score" : {
      "value" : 1.0
    },
    "jenkins.job.averageDepth" : {
      "value" : 0.0
    },
    "jenkins.job.count.value" : {
      "value" : 0
    },
    "jenkins.node.count.value" : {
      "value" : 1
    },
    "jenkins.node.offline.value" : {
      "value" : 0
    },
    "jenkins.node.online.value" : {
      "value" : 1
    },
    "jenkins.plugins.active" : {
      "value" : 119
    },
    "jenkins.plugins.failed" : {
      "value" : 0
    },
    "jenkins.plugins.inactive" : {
      "value" : 0
    },
    "jenkins.plugins.withUpdate" : {
      "value" : 49
    },
    "jenkins.project.count.value" : {
      "value" : 0
    },
    "jenkins.project.disabled.count.value" : {
      "value" : 0
    },
    "jenkins.project.enabled.count.value" : {
      "value" : 0
    },
    "jenkins.queue.blocked.value" : {
      "value" : 0
    },
    "jenkins.queue.buildable.value" : {
      "value" : 0
    },
    "jenkins.queue.pending.value" : {
      "value" : 0
    },
    "jenkins.queue.size.value" : {
      "value" : 0
    },
    "jenkins.queue.stuck.value" : {
      "value" : 0
    },
    "jenkins.versions.core" : {
      "value" : "2.150.1"
    },
    "jenkins.versions.plugin.ace-editor" : {
      "value" : "1.1"
    },
    "jenkins.versions.plugin.ant" : {
      "value" : "1.9"
    },
    "jenkins.versions.plugin.antisamy-markup-formatter" : {
      "value" : "1.5"
    },
    "jenkins.versions.plugin.apache-httpcomponents-client-4-api" : {
      "value" : "4.5.5-3.0"
    },
    "jenkins.versions.plugin.artifactory" : {
      "value" : "2.16.2"
    },
    "jenkins.versions.plugin.authentication-tokens" : {
      "value" : "1.3"
    },
    "jenkins.versions.plugin.blueocean" : {
      "value" : "1.9.0"
    },
    "jenkins.versions.plugin.blueocean-autofavorite" : {
      "value" : "1.2.2"
    },
    "jenkins.versions.plugin.blueocean-bitbucket-pipeline" : {
      "value" : "1.9.0"
    },
    "jenkins.versions.plugin.blueocean-commons" : {
      "value" : "1.9.0"
    },
    "jenkins.versions.plugin.blueocean-config" : {
      "value" : "1.9.0"
    },
    "jenkins.versions.plugin.blueocean-core-js" : {
      "value" : "1.9.0"
    },
    "jenkins.versions.plugin.blueocean-dashboard" : {
      "value" : "1.9.0"
    },
    "jenkins.versions.plugin.blueocean-display-url" : {
      "value" : "2.2.0"
    },
    "jenkins.versions.plugin.blueocean-events" : {
      "value" : "1.9.0"
    },
    "jenkins.versions.plugin.blueocean-git-pipeline" : {
      "value" : "1.9.0"
    },
    "jenkins.versions.plugin.blueocean-github-pipeline" : {
      "value" : "1.9.0"
    },
    "jenkins.versions.plugin.blueocean-i18n" : {
      "value" : "1.9.0"
    },
    "jenkins.versions.plugin.blueocean-jira" : {
      "value" : "1.9.0"
    },
    "jenkins.versions.plugin.blueocean-jwt" : {
      "value" : "1.9.0"
    },
    "jenkins.versions.plugin.blueocean-personalization" : {
      "value" : "1.9.0"
    },
    "jenkins.versions.plugin.blueocean-pipeline-api-impl" : {
      "value" : "1.9.0"
    },
    "jenkins.versions.plugin.blueocean-pipeline-editor" : {
      "value" : "1.9.0"
    },
    "jenkins.versions.plugin.blueocean-pipeline-scm-api" : {
      "value" : "1.9.0"
    },
    "jenkins.versions.plugin.blueocean-rest" : {
      "value" : "1.9.0"
    },
    "jenkins.versions.plugin.blueocean-rest-impl" : {
      "value" : "1.9.0"
    },
    "jenkins.versions.plugin.blueocean-web" : {
      "value" : "1.9.0"
    },
    "jenkins.versions.plugin.bouncycastle-api" : {
      "value" : "2.17"
    },
    "jenkins.versions.plugin.branch-api" : {
      "value" : "2.1.2"
    },
    "jenkins.versions.plugin.build-timeout" : {
      "value" : "1.19"
    },
    "jenkins.versions.plugin.cloudbees-bitbucket-branch-source" : {
      "value" : "2.4.0"
    },
    "jenkins.versions.plugin.cloudbees-folder" : {
      "value" : "6.7"
    },
    "jenkins.versions.plugin.command-launcher" : {
      "value" : "1.2"
    },
    "jenkins.versions.plugin.config-file-provider" : {
      "value" : "3.4.1"
    },
    "jenkins.versions.plugin.configuration-as-code" : {
      "value" : "1.3"
    },
    "jenkins.versions.plugin.credentials" : {
      "value" : "2.1.18"
    },
    "jenkins.versions.plugin.credentials-binding" : {
      "value" : "1.17"
    },
    "jenkins.versions.plugin.display-url-api" : {
      "value" : "2.3.0"
    },
    "jenkins.versions.plugin.docker-commons" : {
      "value" : "1.13"
    },
    "jenkins.versions.plugin.docker-workflow" : {
      "value" : "1.17"
    },
    "jenkins.versions.plugin.durable-task" : {
      "value" : "1.28"
    },
    "jenkins.versions.plugin.email-ext" : {
      "value" : "2.63"
    },
    "jenkins.versions.plugin.favorite" : {
      "value" : "2.3.2"
    },
    "jenkins.versions.plugin.git" : {
      "value" : "4.0.0-rc"
    },
    "jenkins.versions.plugin.git-client" : {
      "value" : "3.0.0-rc"
    },
    "jenkins.versions.plugin.git-server" : {
      "value" : "1.7"
    },
    "jenkins.versions.plugin.gitea" : {
      "value" : "1.0.8"
    },
    "jenkins.versions.plugin.github" : {
      "value" : "1.29.3"
    },
    "jenkins.versions.plugin.github-api" : {
      "value" : "1.95"
    },
    "jenkins.versions.plugin.github-branch-source" : {
      "value" : "2.4.2"
    },
    "jenkins.versions.plugin.gitlab-plugin" : {
      "value" : "1.5.11"
    },
    "jenkins.versions.plugin.gradle" : {
      "value" : "1.30"
    },
    "jenkins.versions.plugin.handlebars" : {
      "value" : "1.1.1"
    },
    "jenkins.versions.plugin.handy-uri-templates-2-api" : {
      "value" : "2.1.6-1.0"
    },
    "jenkins.versions.plugin.htmlpublisher" : {
      "value" : "1.17"
    },
    "jenkins.versions.plugin.ivy" : {
      "value" : "1.28"
    },
    "jenkins.versions.plugin.jackson2-api" : {
      "value" : "2.9.8"
    },
    "jenkins.versions.plugin.javadoc" : {
      "value" : "1.4"
    },
    "jenkins.versions.plugin.jdk-tool" : {
      "value" : "1.2"
    },
    "jenkins.versions.plugin.jenkins-design-language" : {
      "value" : "1.9.0"
    },
    "jenkins.versions.plugin.jira" : {
      "value" : "3.0.5"
    },
    "jenkins.versions.plugin.jquery-detached" : {
      "value" : "1.2.1"
    },
    "jenkins.versions.plugin.jsch" : {
      "value" : "0.1.54.2"
    },
    "jenkins.versions.plugin.junit" : {
      "value" : "1.26.1"
    },
    "jenkins.versions.plugin.jx-resources" : {
      "value" : "1.0.24"
    },
    "jenkins.versions.plugin.kubernetes" : {
      "value" : "1.13.7"
    },
    "jenkins.versions.plugin.kubernetes-credentials" : {
      "value" : "0.4.0"
    },
    "jenkins.versions.plugin.kubernetes-credentials-provider" : {
      "value" : "0.11"
    },
    "jenkins.versions.plugin.ldap" : {
      "value" : "1.20"
    },
    "jenkins.versions.plugin.lockable-resources" : {
      "value" : "2.3"
    },
    "jenkins.versions.plugin.mailer" : {
      "value" : "1.23"
    },
    "jenkins.versions.plugin.mapdb-api" : {
      "value" : "1.0.9.0"
    },
    "jenkins.versions.plugin.matrix-auth" : {
      "value" : "2.3"
    },
    "jenkins.versions.plugin.matrix-project" : {
      "value" : "1.13"
    },
    "jenkins.versions.plugin.maven-plugin" : {
      "value" : "3.2"
    },
    "jenkins.versions.plugin.mercurial" : {
      "value" : "2.4"
    },
    "jenkins.versions.plugin.metrics" : {
      "value" : "4.0.2.2"
    },
    "jenkins.versions.plugin.momentjs" : {
      "value" : "1.1.1"
    },
    "jenkins.versions.plugin.pam-auth" : {
      "value" : "1.4"
    },
    "jenkins.versions.plugin.pipeline-build-step" : {
      "value" : "2.7"
    },
    "jenkins.versions.plugin.pipeline-github-lib" : {
      "value" : "1.0"
    },
    "jenkins.versions.plugin.pipeline-graph-analysis" : {
      "value" : "1.9"
    },
    "jenkins.versions.plugin.pipeline-input-step" : {
      "value" : "2.8"
    },
    "jenkins.versions.plugin.pipeline-milestone-step" : {
      "value" : "1.3.1"
    },
    "jenkins.versions.plugin.pipeline-model-api" : {
      "value" : "1.3.3"
    },
    "jenkins.versions.plugin.pipeline-model-declarative-agent" : {
      "value" : "1.1.1"
    },
    "jenkins.versions.plugin.pipeline-model-definition" : {
      "value" : "1.3.3"
    },
    "jenkins.versions.plugin.pipeline-model-extensions" : {
      "value" : "1.3.3"
    },
    "jenkins.versions.plugin.pipeline-rest-api" : {
      "value" : "2.10"
    },
    "jenkins.versions.plugin.pipeline-stage-step" : {
      "value" : "2.3"
    },
    "jenkins.versions.plugin.pipeline-stage-tags-metadata" : {
      "value" : "1.3.3"
    },
    "jenkins.versions.plugin.pipeline-stage-view" : {
      "value" : "2.10"
    },
    "jenkins.versions.plugin.plain-credentials" : {
      "value" : "1.4"
    },
    "jenkins.versions.plugin.pubsub-light" : {
      "value" : "1.12"
    },
    "jenkins.versions.plugin.resource-disposer" : {
      "value" : "0.12"
    },
    "jenkins.versions.plugin.scm-api" : {
      "value" : "2.3.0"
    },
    "jenkins.versions.plugin.script-security" : {
      "value" : "1.49"
    },
    "jenkins.versions.plugin.simple-theme-plugin" : {
      "value" : "0.5.1"
    },
    "jenkins.versions.plugin.sse-gateway" : {
      "value" : "1.16"
    },
    "jenkins.versions.plugin.ssh-credentials" : {
      "value" : "1.14"
    },
    "jenkins.versions.plugin.ssh-slaves" : {
      "value" : "1.29.4"
    },
    "jenkins.versions.plugin.structs" : {
      "value" : "1.17"
    },
    "jenkins.versions.plugin.subversion" : {
      "value" : "2.12.1"
    },
    "jenkins.versions.plugin.support-core" : {
      "value" : "2.52"
    },
    "jenkins.versions.plugin.timestamper" : {
      "value" : "1.8.10"
    },
    "jenkins.versions.plugin.token-macro" : {
      "value" : "2.5"
    },
    "jenkins.versions.plugin.variant" : {
      "value" : "1.1"
    },
    "jenkins.versions.plugin.workflow-aggregator" : {
      "value" : "2.6"
    },
    "jenkins.versions.plugin.workflow-api" : {
      "value" : "2.33"
    },
    "jenkins.versions.plugin.workflow-basic-steps" : {
      "value" : "2.13"
    },
    "jenkins.versions.plugin.workflow-cps" : {
      "value" : "2.61"
    },
    "jenkins.versions.plugin.workflow-cps-global-lib" : {
      "value" : "2.12"
    },
    "jenkins.versions.plugin.workflow-durable-task-step" : {
      "value" : "2.26"
    },
    "jenkins.versions.plugin.workflow-job" : {
      "value" : "2.30"
    },
    "jenkins.versions.plugin.workflow-multibranch" : {
      "value" : "2.20"
    },
    "jenkins.versions.plugin.workflow-scm-step" : {
      "value" : "2.7"
    },
    "jenkins.versions.plugin.workflow-step-api" : {
      "value" : "2.17"
    },
    "jenkins.versions.plugin.workflow-support" : {
      "value" : "2.23"
    },
    "jenkins.versions.plugin.ws-cleanup" : {
      "value" : "0.37"
    },
    "system.cpu.load" : {
      "value" : 1.75
    },
    "vm.blocked.count" : {
      "value" : 0
    },
    "vm.class.loaded" : {
      "value" : 16031
    },
    "vm.class.unloaded" : {
      "value" : 2
    },
    "vm.count" : {
      "value" : 46
    },
    "vm.cpu.load" : {
      "value" : 0.5703723263797201
    },
    "vm.daemon.count" : {
      "value" : 29
    },
    "vm.deadlock.count" : {
      "value" : 0
    },
    "vm.deadlocks" : {
      "value" : [ ]
    },
    "vm.file.descriptor.ratio" : {
      "value" : 6.818771362304688E-4
    },
    "vm.gc.PS-MarkSweep.count" : {
      "value" : 4
    },
    "vm.gc.PS-MarkSweep.time" : {
      "value" : 761
    },
    "vm.gc.PS-Scavenge.count" : {
      "value" : 64
    },
    "vm.gc.PS-Scavenge.time" : {
      "value" : 575
    },
    "vm.memory.heap.committed" : {
      "value" : 507510784
    },
    "vm.memory.heap.init" : {
      "value" : 69206016
    },
    "vm.memory.heap.max" : {
      "value" : 978845696
    },
    "vm.memory.heap.usage" : {
      "value" : 0.3094211572239472
    },
    "vm.memory.heap.used" : {
      "value" : 302875568
    },
    "vm.memory.non-heap.committed" : {
      "value" : 141647872
    },
    "vm.memory.non-heap.init" : {
      "value" : 2555904
    },
    "vm.memory.non-heap.max" : {
      "value" : -1
    },
    "vm.memory.non-heap.usage" : {
      "value" : -1.29247192E8
    },
    "vm.memory.non-heap.used" : {
      "value" : 129248192
    },
    "vm.memory.pools.Code-Cache.committed" : {
      "value" : 23724032
    },
    "vm.memory.pools.Code-Cache.init" : {
      "value" : 2555904
    },
    "vm.memory.pools.Code-Cache.max" : {
      "value" : 251658240
    },
    "vm.memory.pools.Code-Cache.usage" : {
      "value" : 0.09346516927083333
    },
    "vm.memory.pools.Code-Cache.used" : {
      "value" : 23523520
    },
    "vm.memory.pools.Compressed-Class-Space.committed" : {
      "value" : 13500416
    },
    "vm.memory.pools.Compressed-Class-Space.init" : {
      "value" : 0
    },
    "vm.memory.pools.Compressed-Class-Space.max" : {
      "value" : 1073741824
    },
    "vm.memory.pools.Compressed-Class-Space.usage" : {
      "value" : 0.010238267481327057
    },
    "vm.memory.pools.Compressed-Class-Space.used" : {
      "value" : 10993256
    },
    "vm.memory.pools.Metaspace.committed" : {
      "value" : 104423424
    },
    "vm.memory.pools.Metaspace.init" : {
      "value" : 0
    },
    "vm.memory.pools.Metaspace.max" : {
      "value" : -1
    },
    "vm.memory.pools.Metaspace.usage" : {
      "value" : 0.9072716098640856
    },
    "vm.memory.pools.Metaspace.used" : {
      "value" : 94740856
    },
    "vm.memory.pools.PS-Eden-Space.committed" : {
      "value" : 357564416
    },
    "vm.memory.pools.PS-Eden-Space.init" : {
      "value" : 17825792
    },
    "vm.memory.pools.PS-Eden-Space.max" : {
      "value" : 358088704
    },
    "vm.memory.pools.PS-Eden-Space.usage" : {
      "value" : 0.6359067053955435
    },
    "vm.memory.pools.PS-Eden-Space.used" : {
      "value" : 227711008
    },
    "vm.memory.pools.PS-Eden-Space.used-after-gc" : {
      "value" : 0
    },
    "vm.memory.pools.PS-Old-Gen.committed" : {
      "value" : 145752064
    },
    "vm.memory.pools.PS-Old-Gen.init" : {
      "value" : 46137344
    },
    "vm.memory.pools.PS-Old-Gen.max" : {
      "value" : 734003200
    },
    "vm.memory.pools.PS-Old-Gen.usage" : {
      "value" : 0.09740358625139509
    },
    "vm.memory.pools.PS-Old-Gen.used" : {
      "value" : 71494544
    },
    "vm.memory.pools.PS-Old-Gen.used-after-gc" : {
      "value" : 62396464
    },
    "vm.memory.pools.PS-Survivor-Space.committed" : {
      "value" : 4194304
    },
    "vm.memory.pools.PS-Survivor-Space.init" : {
      "value" : 2621440
    },
    "vm.memory.pools.PS-Survivor-Space.max" : {
      "value" : 4194304
    },
    "vm.memory.pools.PS-Survivor-Space.usage" : {
      "value" : 0.875
    },
    "vm.memory.pools.PS-Survivor-Space.used" : {
      "value" : 3670016
    },
    "vm.memory.pools.PS-Survivor-Space.used-after-gc" : {
      "value" : 3670016
    },
    "vm.memory.total.committed" : {
      "value" : 649158656
    },
    "vm.memory.total.init" : {
      "value" : 71761920
    },
    "vm.memory.total.max" : {
      "value" : 978845695
    },
    "vm.memory.total.used" : {
      "value" : 432155152
    },
    "vm.new.count" : {
      "value" : 0
    },
    "vm.runnable.count" : {
      "value" : 11
    },
    "vm.terminated.count" : {
      "value" : 0
    },
    "vm.timed_waiting.count" : {
      "value" : 21
    },
    "vm.uptime.milliseconds" : {
      "value" : 62601
    },
    "vm.waiting.count" : {
      "value" : 14
    }
  },
  "counters" : {
    "http.activeRequests" : {
      "count" : 0
    }
  },
  "histograms" : {
    "jenkins.executor.count.history" : {
      "count" : 1,
      "max" : 2,
      "mean" : 2.0,
      "min" : 2,
      "p50" : 2.0,
      "p75" : 2.0,
      "p95" : 2.0,
      "p98" : 2.0,
      "p99" : 2.0,
      "p999" : 2.0,
      "values" : [ 2 ],
      "stddev" : 0.0
    },
    "jenkins.executor.free.history" : {
      "count" : 1,
      "max" : 2,
      "mean" : 2.0,
      "min" : 2,
      "p50" : 2.0,
      "p75" : 2.0,
      "p95" : 2.0,
      "p98" : 2.0,
      "p99" : 2.0,
      "p999" : 2.0,
      "values" : [ 2 ],
      "stddev" : 0.0
    },
    "jenkins.executor.in-use.history" : {
      "count" : 1,
      "max" : 0,
      "mean" : 0.0,
      "min" : 0,
      "p50" : 0.0,
      "p75" : 0.0,
      "p95" : 0.0,
      "p98" : 0.0,
      "p99" : 0.0,
      "p999" : 0.0,
      "values" : [ 0 ],
      "stddev" : 0.0
    },
    "jenkins.job.count.history" : {
      "count" : 1,
      "max" : 0,
      "mean" : 0.0,
      "min" : 0,
      "p50" : 0.0,
      "p75" : 0.0,
      "p95" : 0.0,
      "p98" : 0.0,
      "p99" : 0.0,
      "p999" : 0.0,
      "values" : [ 0 ],
      "stddev" : 0.0
    },
    "jenkins.node.count.history" : {
      "count" : 1,
      "max" : 1,
      "mean" : 1.0,
      "min" : 1,
      "p50" : 1.0,
      "p75" : 1.0,
      "p95" : 1.0,
      "p98" : 1.0,
      "p99" : 1.0,
      "p999" : 1.0,
      "values" : [ 1 ],
      "stddev" : 0.0
    },
    "jenkins.node.offline.history" : {
      "count" : 1,
      "max" : 0,
      "mean" : 0.0,
      "min" : 0,
      "p50" : 0.0,
      "p75" : 0.0,
      "p95" : 0.0,
      "p98" : 0.0,
      "p99" : 0.0,
      "p999" : 0.0,
      "values" : [ 0 ],
      "stddev" : 0.0
    },
    "jenkins.node.online.history" : {
      "count" : 1,
      "max" : 1,
      "mean" : 1.0,
      "min" : 1,
      "p50" : 1.0,
      "p75" : 1.0,
      "p95" : 1.0,
      "p98" : 1.0,
      "p99" : 1.0,
      "p999" : 1.0,
      "values" : [ 1 ],
      "stddev" : 0.0
    },
    "jenkins.project.count.history" : {
      "count" : 1,
      "max" : 0,
      "mean" : 0.0,
      "min" : 0,
      "p50" : 0.0,
      "p75" : 0.0,
      "p95" : 0.0,
      "p98" : 0.0,
      "p99" : 0.0,
      "p999" : 0.0,
      "values" : [ 0 ],
      "stddev" : 0.0
    },
    "jenkins.project.disabled.count.history" : {
      "count" : 1,
      "max" : 0,
      "mean" : 0.0,
      "min" : 0,
      "p50" : 0.0,
      "p75" : 0.0,
      "p95" : 0.0,
      "p98" : 0.0,
      "p99" : 0.0,
      "p999" : 0.0,
      "values" : [ 0 ],
      "stddev" : 0.0
    },
    "jenkins.project.enabled.count.history" : {
      "count" : 1,
      "max" : 0,
      "mean" : 0.0,
      "min" : 0,
      "p50" : 0.0,
      "p75" : 0.0,
      "p95" : 0.0,
      "p98" : 0.0,
      "p99" : 0.0,
      "p999" : 0.0,
      "values" : [ 0 ],
      "stddev" : 0.0
    },
    "jenkins.queue.blocked.history" : {
      "count" : 1,
      "max" : 0,
      "mean" : 0.0,
      "min" : 0,
      "p50" : 0.0,
      "p75" : 0.0,
      "p95" : 0.0,
      "p98" : 0.0,
      "p99" : 0.0,
      "p999" : 0.0,
      "values" : [ 0 ],
      "stddev" : 0.0
    },
    "jenkins.queue.buildable.history" : {
      "count" : 1,
      "max" : 0,
      "mean" : 0.0,
      "min" : 0,
      "p50" : 0.0,
      "p75" : 0.0,
      "p95" : 0.0,
      "p98" : 0.0,
      "p99" : 0.0,
      "p999" : 0.0,
      "values" : [ 0 ],
      "stddev" : 0.0
    },
    "jenkins.queue.pending.history" : {
      "count" : 1,
      "max" : 0,
      "mean" : 0.0,
      "min" : 0,
      "p50" : 0.0,
      "p75" : 0.0,
      "p95" : 0.0,
      "p98" : 0.0,
      "p99" : 0.0,
      "p999" : 0.0,
      "values" : [ 0 ],
      "stddev" : 0.0
    },
    "jenkins.queue.size.history" : {
      "count" : 1,
      "max" : 0,
      "mean" : 0.0,
      "min" : 0,
      "p50" : 0.0,
      "p75" : 0.0,
      "p95" : 0.0,
      "p98" : 0.0,
      "p99" : 0.0,
      "p999" : 0.0,
      "values" : [ 0 ],
      "stddev" : 0.0
    },
    "jenkins.queue.stuck.history" : {
      "count" : 1,
      "max" : 0,
      "mean" : 0.0,
      "min" : 0,
      "p50" : 0.0,
      "p75" : 0.0,
      "p95" : 0.0,
      "p98" : 0.0,
      "p99" : 0.0,
      "p999" : 0.0,
      "values" : [ 0 ],
      "stddev" : 0.0
    },
    "system.cpu.load.x100.history" : {
      "count" : 1,
      "max" : 182,
      "mean" : 182.0,
      "min" : 182,
      "p50" : 182.0,
      "p75" : 182.0,
      "p95" : 182.0,
      "p98" : 182.0,
      "p99" : 182.0,
      "p999" : 182.0,
      "values" : [ 182 ],
      "stddev" : 0.0
    },
    "system.cpu.load.x100.window.15m" : {
      "count" : 1,
      "max" : 182,
      "mean" : 182.0,
      "min" : 182,
      "p50" : 182.0,
      "p75" : 182.0,
      "p95" : 182.0,
      "p98" : 182.0,
      "p99" : 182.0,
      "p999" : 182.0,
      "values" : [ 182 ],
      "stddev" : 0.0
    },
    "system.cpu.load.x100.window.1h" : {
      "count" : 1,
      "max" : 182,
      "mean" : 182.0,
      "min" : 182,
      "p50" : 182.0,
      "p75" : 182.0,
      "p95" : 182.0,
      "p98" : 182.0,
      "p99" : 182.0,
      "p999" : 182.0,
      "values" : [ 182 ],
      "stddev" : 0.0
    },
    "system.cpu.load.x100.window.5m" : {
      "count" : 1,
      "max" : 182,
      "mean" : 182.0,
      "min" : 182,
      "p50" : 182.0,
      "p75" : 182.0,
      "p95" : 182.0,
      "p98" : 182.0,
      "p99" : 182.0,
      "p999" : 182.0,
      "values" : [ 182 ],
      "stddev" : 0.0
    },
    "vm.cpu.load.x100.history" : {
      "count" : 1,
      "max" : 429,
      "mean" : 429.0,
      "min" : 429,
      "p50" : 429.0,
      "p75" : 429.0,
      "p95" : 429.0,
      "p98" : 429.0,
      "p99" : 429.0,
      "p999" : 429.0,
      "values" : [ 429 ],
      "stddev" : 0.0
    },
    "vm.cpu.load.x100.window.15m" : {
      "count" : 1,
      "max" : 429,
      "mean" : 429.0,
      "min" : 429,
      "p50" : 429.0,
      "p75" : 429.0,
      "p95" : 429.0,
      "p98" : 429.0,
      "p99" : 429.0,
      "p999" : 429.0,
      "values" : [ 429 ],
      "stddev" : 0.0
    },
    "vm.cpu.load.x100.window.1h" : {
      "count" : 1,
      "max" : 429,
      "mean" : 429.0,
      "min" : 429,
      "p50" : 429.0,
      "p75" : 429.0,
      "p95" : 429.0,
      "p98" : 429.0,
      "p99" : 429.0,
      "p999" : 429.0,
      "values" : [ 429 ],
      "stddev" : 0.0
    },
    "vm.cpu.load.x100.window.5m" : {
      "count" : 1,
      "max" : 429,
      "mean" : 429.0,
      "min" : 429,
      "p50" : 429.0,
      "p75" : 429.0,
      "p95" : 429.0,
      "p98" : 429.0,
      "p99" : 429.0,
      "p999" : 429.0,
      "values" : [ 429 ],
      "stddev" : 0.0
    },
    "vm.file.descriptor.ratio.x100.history" : {
      "count" : 1,
      "max" : 0,
      "mean" : 0.0,
      "min" : 0,
      "p50" : 0.0,
      "p75" : 0.0,
      "p95" : 0.0,
      "p98" : 0.0,
      "p99" : 0.0,
      "p999" : 0.0,
      "values" : [ 0 ],
      "stddev" : 0.0
    },
    "vm.file.descriptor.ratio.x100.window.15m" : {
      "count" : 1,
      "max" : 0,
      "mean" : 0.0,
      "min" : 0,
      "p50" : 0.0,
      "p75" : 0.0,
      "p95" : 0.0,
      "p98" : 0.0,
      "p99" : 0.0,
      "p999" : 0.0,
      "values" : [ 0 ],
      "stddev" : 0.0
    },
    "vm.file.descriptor.ratio.x100.window.1h" : {
      "count" : 1,
      "max" : 0,
      "mean" : 0.0,
      "min" : 0,
      "p50" : 0.0,
      "p75" : 0.0,
      "p95" : 0.0,
      "p98" : 0.0,
      "p99" : 0.0,
      "p999" : 0.0,
      "values" : [ 0 ],
      "stddev" : 0.0
    },
    "vm.file.descriptor.ratio.x100.window.5m" : {
      "count" : 1,
      "max" : 0,
      "mean" : 0.0,
      "min" : 0,
      "p50" : 0.0,
      "p75" : 0.0,
      "p95" : 0.0,
      "p98" : 0.0,
      "p99" : 0.0,
      "p999" : 0.0,
      "values" : [ 0 ],
      "stddev" : 0.0
    },
    "vm.memory.heap.committed.history" : {
      "count" : 1,
      "max" : 507510784,
      "mean" : 5.07510784E8,
      "min" : 507510784,
      "p50" : 5.07510784E8,
      "p75" : 5.07510784E8,
      "p95" : 5.07510784E8,
      "p98" : 5.07510784E8,
      "p99" : 5.07510784E8,
      "p999" : 5.07510784E8,
      "values" : [ 507510784 ],
      "stddev" : 0.0
    },
    "vm.memory.heap.committed.window.15m" : {
      "count" : 1,
      "max" : 507510784,
      "mean" : 5.07510784E8,
      "min" : 507510784,
      "p50" : 5.07510784E8,
      "p75" : 5.07510784E8,
      "p95" : 5.07510784E8,
      "p98" : 5.07510784E8,
      "p99" : 5.07510784E8,
      "p999" : 5.07510784E8,
      "values" : [ 507510784 ],
      "stddev" : 0.0
    },
    "vm.memory.heap.committed.window.1h" : {
      "count" : 1,
      "max" : 507510784,
      "mean" : 5.07510784E8,
      "min" : 507510784,
      "p50" : 5.07510784E8,
      "p75" : 5.07510784E8,
      "p95" : 5.07510784E8,
      "p98" : 5.07510784E8,
      "p99" : 5.07510784E8,
      "p999" : 5.07510784E8,
      "values" : [ 507510784 ],
      "stddev" : 0.0
    },
    "vm.memory.heap.committed.window.5m" : {
      "count" : 1,
      "max" : 507510784,
      "mean" : 5.07510784E8,
      "min" : 507510784,
      "p50" : 5.07510784E8,
      "p75" : 5.07510784E8,
      "p95" : 5.07510784E8,
      "p98" : 5.07510784E8,
      "p99" : 5.07510784E8,
      "p999" : 5.07510784E8,
      "values" : [ 507510784 ],
      "stddev" : 0.0
    },
    "vm.memory.heap.usage.x100.history" : {
      "count" : 1,
      "max" : 26,
      "mean" : 26.0,
      "min" : 26,
      "p50" : 26.0,
      "p75" : 26.0,
      "p95" : 26.0,
      "p98" : 26.0,
      "p99" : 26.0,
      "p999" : 26.0,
      "values" : [ 26 ],
      "stddev" : 0.0
    },
    "vm.memory.heap.usage.x100.window.15m" : {
      "count" : 1,
      "max" : 26,
      "mean" : 26.0,
      "min" : 26,
      "p50" : 26.0,
      "p75" : 26.0,
      "p95" : 26.0,
      "p98" : 26.0,
      "p99" : 26.0,
      "p999" : 26.0,
      "values" : [ 26 ],
      "stddev" : 0.0
    },
    "vm.memory.heap.usage.x100.window.1h" : {
      "count" : 1,
      "max" : 26,
      "mean" : 26.0,
      "min" : 26,
      "p50" : 26.0,
      "p75" : 26.0,
      "p95" : 26.0,
      "p98" : 26.0,
      "p99" : 26.0,
      "p999" : 26.0,
      "values" : [ 26 ],
      "stddev" : 0.0
    },
    "vm.memory.heap.usage.x100.window.5m" : {
      "count" : 1,
      "max" : 26,
      "mean" : 26.0,
      "min" : 26,
      "p50" : 26.0,
      "p75" : 26.0,
      "p95" : 26.0,
      "p98" : 26.0,
      "p99" : 26.0,
      "p999" : 26.0,
      "values" : [ 26 ],
      "stddev" : 0.0
    },
    "vm.memory.heap.used.history" : {
      "count" : 1,
      "max" : 256588112,
      "mean" : 2.56588112E8,
      "min" : 256588112,
      "p50" : 2.56588112E8,
      "p75" : 2.56588112E8,
      "p95" : 2.56588112E8,
      "p98" : 2.56588112E8,
      "p99" : 2.56588112E8,
      "p999" : 2.56588112E8,
      "values" : [ 256588112 ],
      "stddev" : 0.0
    },
    "vm.memory.heap.used.window.15m" : {
      "count" : 1,
      "max" : 256588112,
      "mean" : 2.56588112E8,
      "min" : 256588112,
      "p50" : 2.56588112E8,
      "p75" : 2.56588112E8,
      "p95" : 2.56588112E8,
      "p98" : 2.56588112E8,
      "p99" : 2.56588112E8,
      "p999" : 2.56588112E8,
      "values" : [ 256588112 ],
      "stddev" : 0.0
    },
    "vm.memory.heap.used.window.1h" : {
      "count" : 1,
      "max" : 256588112,
      "mean" : 2.56588112E8,
      "min" : 256588112,
      "p50" : 2.56588112E8,
      "p75" : 2.56588112E8,
      "p95" : 2.56588112E8,
      "p98" : 2.56588112E8,
      "p99" : 2.56588112E8,
      "p999" : 2.56588112E8,
      "values" : [ 256588112 ],
      "stddev" : 0.0
    },
    "vm.memory.heap.used.window.5m" : {
      "count" : 1,
      "max" : 256588112,
      "mean" : 2.56588112E8,
      "min" : 256588112,
      "p50" : 2.56588112E8,
      "p75" : 2.56588112E8,
      "p95" : 2.56588112E8,
      "p98" : 2.56588112E8,
      "p99" : 2.56588112E8,
      "p999" : 2.56588112E8,
      "values" : [ 256588112 ],
      "stddev" : 0.0
    },
    "vm.memory.non-heap.committed.history" : {
      "count" : 1,
      "max" : 139354112,
      "mean" : 1.39354112E8,
      "min" : 139354112,
      "p50" : 1.39354112E8,
      "p75" : 1.39354112E8,
      "p95" : 1.39354112E8,
      "p98" : 1.39354112E8,
      "p99" : 1.39354112E8,
      "p999" : 1.39354112E8,
      "values" : [ 139354112 ],
      "stddev" : 0.0
    },
    "vm.memory.non-heap.committed.window.15m" : {
      "count" : 1,
      "max" : 139354112,
      "mean" : 1.39354112E8,
      "min" : 139354112,
      "p50" : 1.39354112E8,
      "p75" : 1.39354112E8,
      "p95" : 1.39354112E8,
      "p98" : 1.39354112E8,
      "p99" : 1.39354112E8,
      "p999" : 1.39354112E8,
      "values" : [ 139354112 ],
      "stddev" : 0.0
    },
    "vm.memory.non-heap.committed.window.1h" : {
      "count" : 1,
      "max" : 139354112,
      "mean" : 1.39354112E8,
      "min" : 139354112,
      "p50" : 1.39354112E8,
      "p75" : 1.39354112E8,
      "p95" : 1.39354112E8,
      "p98" : 1.39354112E8,
      "p99" : 1.39354112E8,
      "p999" : 1.39354112E8,
      "values" : [ 139354112 ],
      "stddev" : 0.0
    },
    "vm.memory.non-heap.committed.window.5m" : {
      "count" : 1,
      "max" : 139354112,
      "mean" : 1.39354112E8,
      "min" : 139354112,
      "p50" : 1.39354112E8,
      "p75" : 1.39354112E8,
      "p95" : 1.39354112E8,
      "p98" : 1.39354112E8,
      "p99" : 1.39354112E8,
      "p999" : 1.39354112E8,
      "values" : [ 139354112 ],
      "stddev" : 0.0
    },
    "vm.memory.non-heap.usage.x100.history" : {
      "count" : 1,
      "max" : -12698107200,
      "mean" : -1.26981072E10,
      "min" : -12698107200,
      "p50" : -1.26981072E10,
      "p75" : -1.26981072E10,
      "p95" : -1.26981072E10,
      "p98" : -1.26981072E10,
      "p99" : -1.26981072E10,
      "p999" : -1.26981072E10,
      "values" : [ -12698107200 ],
      "stddev" : 0.0
    },
    "vm.memory.non-heap.usage.x100.window.15m" : {
      "count" : 1,
      "max" : -12698107200,
      "mean" : -1.26981072E10,
      "min" : -12698107200,
      "p50" : -1.26981072E10,
      "p75" : -1.26981072E10,
      "p95" : -1.26981072E10,
      "p98" : -1.26981072E10,
      "p99" : -1.26981072E10,
      "p999" : -1.26981072E10,
      "values" : [ -12698107200 ],
      "stddev" : 0.0
    },
    "vm.memory.non-heap.usage.x100.window.1h" : {
      "count" : 1,
      "max" : -12698107200,
      "mean" : -1.26981072E10,
      "min" : -12698107200,
      "p50" : -1.26981072E10,
      "p75" : -1.26981072E10,
      "p95" : -1.26981072E10,
      "p98" : -1.26981072E10,
      "p99" : -1.26981072E10,
      "p999" : -1.26981072E10,
      "values" : [ -12698107200 ],
      "stddev" : 0.0
    },
    "vm.memory.non-heap.usage.x100.window.5m" : {
      "count" : 1,
      "max" : -12698107200,
      "mean" : -1.26981072E10,
      "min" : -12698107200,
      "p50" : -1.26981072E10,
      "p75" : -1.26981072E10,
      "p95" : -1.26981072E10,
      "p98" : -1.26981072E10,
      "p99" : -1.26981072E10,
      "p999" : -1.26981072E10,
      "values" : [ -12698107200 ],
      "stddev" : 0.0
    },
    "vm.memory.non-heap.used.history" : {
      "count" : 1,
      "max" : 126981136,
      "mean" : 1.26981136E8,
      "min" : 126981136,
      "p50" : 1.26981136E8,
      "p75" : 1.26981136E8,
      "p95" : 1.26981136E8,
      "p98" : 1.26981136E8,
      "p99" : 1.26981136E8,
      "p999" : 1.26981136E8,
      "values" : [ 126981136 ],
      "stddev" : 0.0
    },
    "vm.memory.non-heap.used.window.15m" : {
      "count" : 1,
      "max" : 126981136,
      "mean" : 1.26981136E8,
      "min" : 126981136,
      "p50" : 1.26981136E8,
      "p75" : 1.26981136E8,
      "p95" : 1.26981136E8,
      "p98" : 1.26981136E8,
      "p99" : 1.26981136E8,
      "p999" : 1.26981136E8,
      "values" : [ 126981136 ],
      "stddev" : 0.0
    },
    "vm.memory.non-heap.used.window.1h" : {
      "count" : 1,
      "max" : 126981136,
      "mean" : 1.26981136E8,
      "min" : 126981136,
      "p50" : 1.26981136E8,
      "p75" : 1.26981136E8,
      "p95" : 1.26981136E8,
      "p98" : 1.26981136E8,
      "p99" : 1.26981136E8,
      "p999" : 1.26981136E8,
      "values" : [ 126981136 ],
      "stddev" : 0.0
    },
    "vm.memory.non-heap.used.window.5m" : {
      "count" : 1,
      "max" : 126981136,
      "mean" : 1.26981136E8,
      "min" : 126981136,
      "p50" : 1.26981136E8,
      "p75" : 1.26981136E8,
      "p95" : 1.26981136E8,
      "p98" : 1.26981136E8,
      "p99" : 1.26981136E8,
      "p999" : 1.26981136E8,
      "values" : [ 126981136 ],
      "stddev" : 0.0
    },
    "vm.memory.pools.Code-Cache.committed.history" : {
      "count" : 1,
      "max" : 23265280,
      "mean" : 2.326528E7,
      "min" : 23265280,
      "p50" : 2.326528E7,
      "p75" : 2.326528E7,
      "p95" : 2.326528E7,
      "p98" : 2.326528E7,
      "p99" : 2.326528E7,
      "p999" : 2.326528E7,
      "values" : [ 23265280 ],
      "stddev" : 0.0
    },
    "vm.memory.pools.Code-Cache.committed.window.15m" : {
      "count" : 1,
      "max" : 23265280,
      "mean" : 2.326528E7,
      "min" : 23265280,
      "p50" : 2.326528E7,
      "p75" : 2.326528E7,
      "p95" : 2.326528E7,
      "p98" : 2.326528E7,
      "p99" : 2.326528E7,
      "p999" : 2.326528E7,
      "values" : [ 23265280 ],
      "stddev" : 0.0
    },
    "vm.memory.pools.Code-Cache.committed.window.1h" : {
      "count" : 1,
      "max" : 23265280,
      "mean" : 2.326528E7,
      "min" : 23265280,
      "p50" : 2.326528E7,
      "p75" : 2.326528E7,
      "p95" : 2.326528E7,
      "p98" : 2.326528E7,
      "p99" : 2.326528E7,
      "p999" : 2.326528E7,
      "values" : [ 23265280 ],
      "stddev" : 0.0
    },
    "vm.memory.pools.Code-Cache.committed.window.5m" : {
      "count" : 1,
      "max" : 23265280,
      "mean" : 2.326528E7,
      "min" : 23265280,
      "p50" : 2.326528E7,
      "p75" : 2.326528E7,
      "p95" : 2.326528E7,
      "p98" : 2.326528E7,
      "p99" : 2.326528E7,
      "p999" : 2.326528E7,
      "values" : [ 23265280 ],
      "stddev" : 0.0
    },
    "vm.memory.pools.Code-Cache.usage.x100.history" : {
      "count" : 1,
      "max" : 9,
      "mean" : 9.0,
      "min" : 9,
      "p50" : 9.0,
      "p75" : 9.0,
      "p95" : 9.0,
      "p98" : 9.0,
      "p99" : 9.0,
      "p999" : 9.0,
      "values" : [ 9 ],
      "stddev" : 0.0
    },
    "vm.memory.pools.Code-Cache.usage.x100.window.15m" : {
      "count" : 1,
      "max" : 9,
      "mean" : 9.0,
      "min" : 9,
      "p50" : 9.0,
      "p75" : 9.0,
      "p95" : 9.0,
      "p98" : 9.0,
      "p99" : 9.0,
      "p999" : 9.0,
      "values" : [ 9 ],
      "stddev" : 0.0
    },
    "vm.memory.pools.Code-Cache.usage.x100.window.1h" : {
      "count" : 1,
      "max" : 9,
      "mean" : 9.0,
      "min" : 9,
      "p50" : 9.0,
      "p75" : 9.0,
      "p95" : 9.0,
      "p98" : 9.0,
      "p99" : 9.0,
      "p999" : 9.0,
      "values" : [ 9 ],
      "stddev" : 0.0
    },
    "vm.memory.pools.Code-Cache.usage.x100.window.5m" : {
      "count" : 1,
      "max" : 9,
      "mean" : 9.0,
      "min" : 9,
      "p50" : 9.0,
      "p75" : 9.0,
      "p95" : 9.0,
      "p98" : 9.0,
      "p99" : 9.0,
      "p999" : 9.0,
      "values" : [ 9 ],
      "stddev" : 0.0
    },
    "vm.memory.pools.Code-Cache.used.history" : {
      "count" : 1,
      "max" : 23011328,
      "mean" : 2.3011328E7,
      "min" : 23011328,
      "p50" : 2.3011328E7,
      "p75" : 2.3011328E7,
      "p95" : 2.3011328E7,
      "p98" : 2.3011328E7,
      "p99" : 2.3011328E7,
      "p999" : 2.3011328E7,
      "values" : [ 23011328 ],
      "stddev" : 0.0
    },
    "vm.memory.pools.Code-Cache.used.window.15m" : {
      "count" : 1,
      "max" : 23011328,
      "mean" : 2.3011328E7,
      "min" : 23011328,
      "p50" : 2.3011328E7,
      "p75" : 2.3011328E7,
      "p95" : 2.3011328E7,
      "p98" : 2.3011328E7,
      "p99" : 2.3011328E7,
      "p999" : 2.3011328E7,
      "values" : [ 23011328 ],
      "stddev" : 0.0
    },
    "vm.memory.pools.Code-Cache.used.window.1h" : {
      "count" : 1,
      "max" : 23011328,
      "mean" : 2.3011328E7,
      "min" : 23011328,
      "p50" : 2.3011328E7,
      "p75" : 2.3011328E7,
      "p95" : 2.3011328E7,
      "p98" : 2.3011328E7,
      "p99" : 2.3011328E7,
      "p999" : 2.3011328E7,
      "values" : [ 23011328 ],
      "stddev" : 0.0
    },
    "vm.memory.pools.Code-Cache.used.window.5m" : {
      "count" : 1,
      "max" : 23011328,
      "mean" : 2.3011328E7,
      "min" : 23011328,
      "p50" : 2.3011328E7,
      "p75" : 2.3011328E7,
      "p95" : 2.3011328E7,
      "p98" : 2.3011328E7,
      "p99" : 2.3011328E7,
      "p999" : 2.3011328E7,
      "values" : [ 23011328 ],
      "stddev" : 0.0
    },
    "vm.memory.pools.Compressed-Class-Space.committed.history" : {
      "count" : 1,
      "max" : 13238272,
      "mean" : 1.3238272E7,
      "min" : 13238272,
      "p50" : 1.3238272E7,
      "p75" : 1.3238272E7,
      "p95" : 1.3238272E7,
      "p98" : 1.3238272E7,
      "p99" : 1.3238272E7,
      "p999" : 1.3238272E7,
      "values" : [ 13238272 ],
      "stddev" : 0.0
    },
    "vm.memory.pools.Compressed-Class-Space.committed.window.15m" : {
      "count" : 1,
      "max" : 13238272,
      "mean" : 1.3238272E7,
      "min" : 13238272,
      "p50" : 1.3238272E7,
      "p75" : 1.3238272E7,
      "p95" : 1.3238272E7,
      "p98" : 1.3238272E7,
      "p99" : 1.3238272E7,
      "p999" : 1.3238272E7,
      "values" : [ 13238272 ],
      "stddev" : 0.0
    },
    "vm.memory.pools.Compressed-Class-Space.committed.window.1h" : {
      "count" : 1,
      "max" : 13238272,
      "mean" : 1.3238272E7,
      "min" : 13238272,
      "p50" : 1.3238272E7,
      "p75" : 1.3238272E7,
      "p95" : 1.3238272E7,
      "p98" : 1.3238272E7,
      "p99" : 1.3238272E7,
      "p999" : 1.3238272E7,
      "values" : [ 13238272 ],
      "stddev" : 0.0
    },
    "vm.memory.pools.Compressed-Class-Space.committed.window.5m" : {
      "count" : 1,
      "max" : 13238272,
      "mean" : 1.3238272E7,
      "min" : 13238272,
      "p50" : 1.3238272E7,
      "p75" : 1.3238272E7,
      "p95" : 1.3238272E7,
      "p98" : 1.3238272E7,
      "p99" : 1.3238272E7,
      "p999" : 1.3238272E7,
      "values" : [ 13238272 ],
      "stddev" : 0.0
    },
    "vm.memory.pools.Compressed-Class-Space.usage.x100.history" : {
      "count" : 1,
      "max" : 1,
      "mean" : 1.0,
      "min" : 1,
      "p50" : 1.0,
      "p75" : 1.0,
      "p95" : 1.0,
      "p98" : 1.0,
      "p99" : 1.0,
      "p999" : 1.0,
      "values" : [ 1 ],
      "stddev" : 0.0
    },
    "vm.memory.pools.Compressed-Class-Space.usage.x100.window.15m" : {
      "count" : 1,
      "max" : 1,
      "mean" : 1.0,
      "min" : 1,
      "p50" : 1.0,
      "p75" : 1.0,
      "p95" : 1.0,
      "p98" : 1.0,
      "p99" : 1.0,
      "p999" : 1.0,
      "values" : [ 1 ],
      "stddev" : 0.0
    },
    "vm.memory.pools.Compressed-Class-Space.usage.x100.window.1h" : {
      "count" : 1,
      "max" : 1,
      "mean" : 1.0,
      "min" : 1,
      "p50" : 1.0,
      "p75" : 1.0,
      "p95" : 1.0,
      "p98" : 1.0,
      "p99" : 1.0,
      "p999" : 1.0,
      "values" : [ 1 ],
      "stddev" : 0.0
    },
    "vm.memory.pools.Compressed-Class-Space.usage.x100.window.5m" : {
      "count" : 1,
      "max" : 1,
      "mean" : 1.0,
      "min" : 1,
      "p50" : 1.0,
      "p75" : 1.0,
      "p95" : 1.0,
      "p98" : 1.0,
      "p99" : 1.0,
      "p999" : 1.0,
      "values" : [ 1 ],
      "stddev" : 0.0
    },
    "vm.memory.pools.Compressed-Class-Space.used.history" : {
      "count" : 1,
      "max" : 10794288,
      "mean" : 1.0794288E7,
      "min" : 10794288,
      "p50" : 1.0794288E7,
      "p75" : 1.0794288E7,
      "p95" : 1.0794288E7,
      "p98" : 1.0794288E7,
      "p99" : 1.0794288E7,
      "p999" : 1.0794288E7,
      "values" : [ 10794288 ],
      "stddev" : 0.0
    },
    "vm.memory.pools.Compressed-Class-Space.used.window.15m" : {
      "count" : 1,
      "max" : 10794288,
      "mean" : 1.0794288E7,
      "min" : 10794288,
      "p50" : 1.0794288E7,
      "p75" : 1.0794288E7,
      "p95" : 1.0794288E7,
      "p98" : 1.0794288E7,
      "p99" : 1.0794288E7,
      "p999" : 1.0794288E7,
      "values" : [ 10794288 ],
      "stddev" : 0.0
    },
    "vm.memory.pools.Compressed-Class-Space.used.window.1h" : {
      "count" : 1,
      "max" : 10794288,
      "mean" : 1.0794288E7,
      "min" : 10794288,
      "p50" : 1.0794288E7,
      "p75" : 1.0794288E7,
      "p95" : 1.0794288E7,
      "p98" : 1.0794288E7,
      "p99" : 1.0794288E7,
      "p999" : 1.0794288E7,
      "values" : [ 10794288 ],
      "stddev" : 0.0
    },
    "vm.memory.pools.Compressed-Class-Space.used.window.5m" : {
      "count" : 1,
      "max" : 10794288,
      "mean" : 1.0794288E7,
      "min" : 10794288,
      "p50" : 1.0794288E7,
      "p75" : 1.0794288E7,
      "p95" : 1.0794288E7,
      "p98" : 1.0794288E7,
      "p99" : 1.0794288E7,
      "p999" : 1.0794288E7,
      "values" : [ 10794288 ],
      "stddev" : 0.0
    },
    "vm.memory.pools.Metaspace.committed.history" : {
      "count" : 1,
      "max" : 102850560,
      "mean" : 1.0285056E8,
      "min" : 102850560,
      "p50" : 1.0285056E8,
      "p75" : 1.0285056E8,
      "p95" : 1.0285056E8,
      "p98" : 1.0285056E8,
      "p99" : 1.0285056E8,
      "p999" : 1.0285056E8,
      "values" : [ 102850560 ],
      "stddev" : 0.0
    },
    "vm.memory.pools.Metaspace.committed.window.15m" : {
      "count" : 1,
      "max" : 102850560,
      "mean" : 1.0285056E8,
      "min" : 102850560,
      "p50" : 1.0285056E8,
      "p75" : 1.0285056E8,
      "p95" : 1.0285056E8,
      "p98" : 1.0285056E8,
      "p99" : 1.0285056E8,
      "p999" : 1.0285056E8,
      "values" : [ 102850560 ],
      "stddev" : 0.0
    },
    "vm.memory.pools.Metaspace.committed.window.1h" : {
      "count" : 1,
      "max" : 102850560,
      "mean" : 1.0285056E8,
      "min" : 102850560,
      "p50" : 1.0285056E8,
      "p75" : 1.0285056E8,
      "p95" : 1.0285056E8,
      "p98" : 1.0285056E8,
      "p99" : 1.0285056E8,
      "p999" : 1.0285056E8,
      "values" : [ 102850560 ],
      "stddev" : 0.0
    },
    "vm.memory.pools.Metaspace.committed.window.5m" : {
      "count" : 1,
      "max" : 102850560,
      "mean" : 1.0285056E8,
      "min" : 102850560,
      "p50" : 1.0285056E8,
      "p75" : 1.0285056E8,
      "p95" : 1.0285056E8,
      "p98" : 1.0285056E8,
      "p99" : 1.0285056E8,
      "p999" : 1.0285056E8,
      "values" : [ 102850560 ],
      "stddev" : 0.0
    },
    "vm.memory.pools.Metaspace.usage.x100.history" : {
      "count" : 1,
      "max" : 91,
      "mean" : 91.0,
      "min" : 91,
      "p50" : 91.0,
      "p75" : 91.0,
      "p95" : 91.0,
      "p98" : 91.0,
      "p99" : 91.0,
      "p999" : 91.0,
      "values" : [ 91 ],
      "stddev" : 0.0
    },
    "vm.memory.pools.Metaspace.usage.x100.window.15m" : {
      "count" : 1,
      "max" : 91,
      "mean" : 91.0,
      "min" : 91,
      "p50" : 91.0,
      "p75" : 91.0,
      "p95" : 91.0,
      "p98" : 91.0,
      "p99" : 91.0,
      "p999" : 91.0,
      "values" : [ 91 ],
      "stddev" : 0.0
    },
    "vm.memory.pools.Metaspace.usage.x100.window.1h" : {
      "count" : 1,
      "max" : 91,
      "mean" : 91.0,
      "min" : 91,
      "p50" : 91.0,
      "p75" : 91.0,
      "p95" : 91.0,
      "p98" : 91.0,
      "p99" : 91.0,
      "p999" : 91.0,
      "values" : [ 91 ],
      "stddev" : 0.0
    },
    "vm.memory.pools.Metaspace.usage.x100.window.5m" : {
      "count" : 1,
      "max" : 91,
      "mean" : 91.0,
      "min" : 91,
      "p50" : 91.0,
      "p75" : 91.0,
      "p95" : 91.0,
      "p98" : 91.0,
      "p99" : 91.0,
      "p999" : 91.0,
      "values" : [ 91 ],
      "stddev" : 0.0
    },
    "vm.memory.pools.Metaspace.used.history" : {
      "count" : 1,
      "max" : 93175744,
      "mean" : 9.3175744E7,
      "min" : 93175744,
      "p50" : 9.3175744E7,
      "p75" : 9.3175744E7,
      "p95" : 9.3175744E7,
      "p98" : 9.3175744E7,
      "p99" : 9.3175744E7,
      "p999" : 9.3175744E7,
      "values" : [ 93175744 ],
      "stddev" : 0.0
    },
    "vm.memory.pools.Metaspace.used.window.15m" : {
      "count" : 1,
      "max" : 93175744,
      "mean" : 9.3175744E7,
      "min" : 93175744,
      "p50" : 9.3175744E7,
      "p75" : 9.3175744E7,
      "p95" : 9.3175744E7,
      "p98" : 9.3175744E7,
      "p99" : 9.3175744E7,
      "p999" : 9.3175744E7,
      "values" : [ 93175744 ],
      "stddev" : 0.0
    },
    "vm.memory.pools.Metaspace.used.window.1h" : {
      "count" : 1,
      "max" : 93175744,
      "mean" : 9.3175744E7,
      "min" : 93175744,
      "p50" : 9.3175744E7,
      "p75" : 9.3175744E7,
      "p95" : 9.3175744E7,
      "p98" : 9.3175744E7,
      "p99" : 9.3175744E7,
      "p999" : 9.3175744E7,
      "values" : [ 93175744 ],
      "stddev" : 0.0
    },
    "vm.memory.pools.Metaspace.used.window.5m" : {
      "count" : 1,
      "max" : 93175744,
      "mean" : 9.3175744E7,
      "min" : 93175744,
      "p50" : 9.3175744E7,
      "p75" : 9.3175744E7,
      "p95" : 9.3175744E7,
      "p98" : 9.3175744E7,
      "p99" : 9.3175744E7,
      "p999" : 9.3175744E7,
      "values" : [ 93175744 ],
      "stddev" : 0.0
    },
    "vm.memory.pools.PS-Eden-Space.committed.history" : {
      "count" : 1,
      "max" : 357564416,
      "mean" : 3.57564416E8,
      "min" : 357564416,
      "p50" : 3.57564416E8,
      "p75" : 3.57564416E8,
      "p95" : 3.57564416E8,
      "p98" : 3.57564416E8,
      "p99" : 3.57564416E8,
      "p999" : 3.57564416E8,
      "values" : [ 357564416 ],
      "stddev" : 0.0
    },
    "vm.memory.pools.PS-Eden-Space.committed.window.15m" : {
      "count" : 1,
      "max" : 357564416,
      "mean" : 3.57564416E8,
      "min" : 357564416,
      "p50" : 3.57564416E8,
      "p75" : 3.57564416E8,
      "p95" : 3.57564416E8,
      "p98" : 3.57564416E8,
      "p99" : 3.57564416E8,
      "p999" : 3.57564416E8,
      "values" : [ 357564416 ],
      "stddev" : 0.0
    },
    "vm.memory.pools.PS-Eden-Space.committed.window.1h" : {
      "count" : 1,
      "max" : 357564416,
      "mean" : 3.57564416E8,
      "min" : 357564416,
      "p50" : 3.57564416E8,
      "p75" : 3.57564416E8,
      "p95" : 3.57564416E8,
      "p98" : 3.57564416E8,
      "p99" : 3.57564416E8,
      "p999" : 3.57564416E8,
      "values" : [ 357564416 ],
      "stddev" : 0.0
    },
    "vm.memory.pools.PS-Eden-Space.committed.window.5m" : {
      "count" : 1,
      "max" : 357564416,
      "mean" : 3.57564416E8,
      "min" : 357564416,
      "p50" : 3.57564416E8,
      "p75" : 3.57564416E8,
      "p95" : 3.57564416E8,
      "p98" : 3.57564416E8,
      "p99" : 3.57564416E8,
      "p999" : 3.57564416E8,
      "values" : [ 357564416 ],
      "stddev" : 0.0
    },
    "vm.memory.pools.PS-Eden-Space.usage.x100.history" : {
      "count" : 1,
      "max" : 51,
      "mean" : 51.0,
      "min" : 51,
      "p50" : 51.0,
      "p75" : 51.0,
      "p95" : 51.0,
      "p98" : 51.0,
      "p99" : 51.0,
      "p999" : 51.0,
      "values" : [ 51 ],
      "stddev" : 0.0
    },
    "vm.memory.pools.PS-Eden-Space.usage.x100.window.15m" : {
      "count" : 1,
      "max" : 51,
      "mean" : 51.0,
      "min" : 51,
      "p50" : 51.0,
      "p75" : 51.0,
      "p95" : 51.0,
      "p98" : 51.0,
      "p99" : 51.0,
      "p999" : 51.0,
      "values" : [ 51 ],
      "stddev" : 0.0
    },
    "vm.memory.pools.PS-Eden-Space.usage.x100.window.1h" : {
      "count" : 1,
      "max" : 51,
      "mean" : 51.0,
      "min" : 51,
      "p50" : 51.0,
      "p75" : 51.0,
      "p95" : 51.0,
      "p98" : 51.0,
      "p99" : 51.0,
      "p999" : 51.0,
      "values" : [ 51 ],
      "stddev" : 0.0
    },
    "vm.memory.pools.PS-Eden-Space.usage.x100.window.5m" : {
      "count" : 1,
      "max" : 51,
      "mean" : 51.0,
      "min" : 51,
      "p50" : 51.0,
      "p75" : 51.0,
      "p95" : 51.0,
      "p98" : 51.0,
      "p99" : 51.0,
      "p999" : 51.0,
      "values" : [ 51 ],
      "stddev" : 0.0
    },
    "vm.memory.pools.PS-Eden-Space.used.history" : {
      "count" : 1,
      "max" : 181423552,
      "mean" : 1.81423552E8,
      "min" : 181423552,
      "p50" : 1.81423552E8,
      "p75" : 1.81423552E8,
      "p95" : 1.81423552E8,
      "p98" : 1.81423552E8,
      "p99" : 1.81423552E8,
      "p999" : 1.81423552E8,
      "values" : [ 181423552 ],
      "stddev" : 0.0
    },
    "vm.memory.pools.PS-Eden-Space.used.window.15m" : {
      "count" : 1,
      "max" : 181423552,
      "mean" : 1.81423552E8,
      "min" : 181423552,
      "p50" : 1.81423552E8,
      "p75" : 1.81423552E8,
      "p95" : 1.81423552E8,
      "p98" : 1.81423552E8,
      "p99" : 1.81423552E8,
      "p999" : 1.81423552E8,
      "values" : [ 181423552 ],
      "stddev" : 0.0
    },
    "vm.memory.pools.PS-Eden-Space.used.window.1h" : {
      "count" : 1,
      "max" : 181423552,
      "mean" : 1.81423552E8,
      "min" : 181423552,
      "p50" : 1.81423552E8,
      "p75" : 1.81423552E8,
      "p95" : 1.81423552E8,
      "p98" : 1.81423552E8,
      "p99" : 1.81423552E8,
      "p999" : 1.81423552E8,
      "values" : [ 181423552 ],
      "stddev" : 0.0
    },
    "vm.memory.pools.PS-Eden-Space.used.window.5m" : {
      "count" : 1,
      "max" : 181423552,
      "mean" : 1.81423552E8,
      "min" : 181423552,
      "p50" : 1.81423552E8,
      "p75" : 1.81423552E8,
      "p95" : 1.81423552E8,
      "p98" : 1.81423552E8,
      "p99" : 1.81423552E8,
      "p999" : 1.81423552E8,
      "values" : [ 181423552 ],
      "stddev" : 0.0
    },
    "vm.memory.pools.PS-Old-Gen.committed.history" : {
      "count" : 1,
      "max" : 145752064,
      "mean" : 1.45752064E8,
      "min" : 145752064,
      "p50" : 1.45752064E8,
      "p75" : 1.45752064E8,
      "p95" : 1.45752064E8,
      "p98" : 1.45752064E8,
      "p99" : 1.45752064E8,
      "p999" : 1.45752064E8,
      "values" : [ 145752064 ],
      "stddev" : 0.0
    },
    "vm.memory.pools.PS-Old-Gen.committed.window.15m" : {
      "count" : 1,
      "max" : 145752064,
      "mean" : 1.45752064E8,
      "min" : 145752064,
      "p50" : 1.45752064E8,
      "p75" : 1.45752064E8,
      "p95" : 1.45752064E8,
      "p98" : 1.45752064E8,
      "p99" : 1.45752064E8,
      "p999" : 1.45752064E8,
      "values" : [ 145752064 ],
      "stddev" : 0.0
    },
    "vm.memory.pools.PS-Old-Gen.committed.window.1h" : {
      "count" : 1,
      "max" : 145752064,
      "mean" : 1.45752064E8,
      "min" : 145752064,
      "p50" : 1.45752064E8,
      "p75" : 1.45752064E8,
      "p95" : 1.45752064E8,
      "p98" : 1.45752064E8,
      "p99" : 1.45752064E8,
      "p999" : 1.45752064E8,
      "values" : [ 145752064 ],
      "stddev" : 0.0
    },
    "vm.memory.pools.PS-Old-Gen.committed.window.5m" : {
      "count" : 1,
      "max" : 145752064,
      "mean" : 1.45752064E8,
      "min" : 145752064,
      "p50" : 1.45752064E8,
      "p75" : 1.45752064E8,
      "p95" : 1.45752064E8,
      "p98" : 1.45752064E8,
      "p99" : 1.45752064E8,
      "p999" : 1.45752064E8,
      "values" : [ 145752064 ],
      "stddev" : 0.0
    },
    "vm.memory.pools.PS-Old-Gen.usage.x100.history" : {
      "count" : 1,
      "max" : 10,
      "mean" : 10.0,
      "min" : 10,
      "p50" : 10.0,
      "p75" : 10.0,
      "p95" : 10.0,
      "p98" : 10.0,
      "p99" : 10.0,
      "p999" : 10.0,
      "values" : [ 10 ],
      "stddev" : 0.0
    },
    "vm.memory.pools.PS-Old-Gen.usage.x100.window.15m" : {
      "count" : 1,
      "max" : 10,
      "mean" : 10.0,
      "min" : 10,
      "p50" : 10.0,
      "p75" : 10.0,
      "p95" : 10.0,
      "p98" : 10.0,
      "p99" : 10.0,
      "p999" : 10.0,
      "values" : [ 10 ],
      "stddev" : 0.0
    },
    "vm.memory.pools.PS-Old-Gen.usage.x100.window.1h" : {
      "count" : 1,
      "max" : 10,
      "mean" : 10.0,
      "min" : 10,
      "p50" : 10.0,
      "p75" : 10.0,
      "p95" : 10.0,
      "p98" : 10.0,
      "p99" : 10.0,
      "p999" : 10.0,
      "values" : [ 10 ],
      "stddev" : 0.0
    },
    "vm.memory.pools.PS-Old-Gen.usage.x100.window.5m" : {
      "count" : 1,
      "max" : 10,
      "mean" : 10.0,
      "min" : 10,
      "p50" : 10.0,
      "p75" : 10.0,
      "p95" : 10.0,
      "p98" : 10.0,
      "p99" : 10.0,
      "p999" : 10.0,
      "values" : [ 10 ],
      "stddev" : 0.0
    },
    "vm.memory.pools.PS-Old-Gen.used.history" : {
      "count" : 1,
      "max" : 71494544,
      "mean" : 7.1494544E7,
      "min" : 71494544,
      "p50" : 7.1494544E7,
      "p75" : 7.1494544E7,
      "p95" : 7.1494544E7,
      "p98" : 7.1494544E7,
      "p99" : 7.1494544E7,
      "p999" : 7.1494544E7,
      "values" : [ 71494544 ],
      "stddev" : 0.0
    },
    "vm.memory.pools.PS-Old-Gen.used.window.15m" : {
      "count" : 1,
      "max" : 71494544,
      "mean" : 7.1494544E7,
      "min" : 71494544,
      "p50" : 7.1494544E7,
      "p75" : 7.1494544E7,
      "p95" : 7.1494544E7,
      "p98" : 7.1494544E7,
      "p99" : 7.1494544E7,
      "p999" : 7.1494544E7,
      "values" : [ 71494544 ],
      "stddev" : 0.0
    },
    "vm.memory.pools.PS-Old-Gen.used.window.1h" : {
      "count" : 1,
      "max" : 71494544,
      "mean" : 7.1494544E7,
      "min" : 71494544,
      "p50" : 7.1494544E7,
      "p75" : 7.1494544E7,
      "p95" : 7.1494544E7,
      "p98" : 7.1494544E7,
      "p99" : 7.1494544E7,
      "p999" : 7.1494544E7,
      "values" : [ 71494544 ],
      "stddev" : 0.0
    },
    "vm.memory.pools.PS-Old-Gen.used.window.5m" : {
      "count" : 1,
      "max" : 71494544,
      "mean" : 7.1494544E7,
      "min" : 71494544,
      "p50" : 7.1494544E7,
      "p75" : 7.1494544E7,
      "p95" : 7.1494544E7,
      "p98" : 7.1494544E7,
      "p99" : 7.1494544E7,
      "p999" : 7.1494544E7,
      "values" : [ 71494544 ],
      "stddev" : 0.0
    },
    "vm.memory.pools.PS-Survivor-Space.committed.history" : {
      "count" : 1,
      "max" : 4194304,
      "mean" : 4194304.0,
      "min" : 4194304,
      "p50" : 4194304.0,
      "p75" : 4194304.0,
      "p95" : 4194304.0,
      "p98" : 4194304.0,
      "p99" : 4194304.0,
      "p999" : 4194304.0,
      "values" : [ 4194304 ],
      "stddev" : 0.0
    },
    "vm.memory.pools.PS-Survivor-Space.committed.window.15m" : {
      "count" : 1,
      "max" : 4194304,
      "mean" : 4194304.0,
      "min" : 4194304,
      "p50" : 4194304.0,
      "p75" : 4194304.0,
      "p95" : 4194304.0,
      "p98" : 4194304.0,
      "p99" : 4194304.0,
      "p999" : 4194304.0,
      "values" : [ 4194304 ],
      "stddev" : 0.0
    },
    "vm.memory.pools.PS-Survivor-Space.committed.window.1h" : {
      "count" : 1,
      "max" : 4194304,
      "mean" : 4194304.0,
      "min" : 4194304,
      "p50" : 4194304.0,
      "p75" : 4194304.0,
      "p95" : 4194304.0,
      "p98" : 4194304.0,
      "p99" : 4194304.0,
      "p999" : 4194304.0,
      "values" : [ 4194304 ],
      "stddev" : 0.0
    },
    "vm.memory.pools.PS-Survivor-Space.committed.window.5m" : {
      "count" : 1,
      "max" : 4194304,
      "mean" : 4194304.0,
      "min" : 4194304,
      "p50" : 4194304.0,
      "p75" : 4194304.0,
      "p95" : 4194304.0,
      "p98" : 4194304.0,
      "p99" : 4194304.0,
      "p999" : 4194304.0,
      "values" : [ 4194304 ],
      "stddev" : 0.0
    },
    "vm.memory.pools.PS-Survivor-Space.usage.x100.history" : {
      "count" : 1,
      "max" : 88,
      "mean" : 88.0,
      "min" : 88,
      "p50" : 88.0,
      "p75" : 88.0,
      "p95" : 88.0,
      "p98" : 88.0,
      "p99" : 88.0,
      "p999" : 88.0,
      "values" : [ 88 ],
      "stddev" : 0.0
    },
    "vm.memory.pools.PS-Survivor-Space.usage.x100.window.15m" : {
      "count" : 1,
      "max" : 88,
      "mean" : 88.0,
      "min" : 88,
      "p50" : 88.0,
      "p75" : 88.0,
      "p95" : 88.0,
      "p98" : 88.0,
      "p99" : 88.0,
      "p999" : 88.0,
      "values" : [ 88 ],
      "stddev" : 0.0
    },
    "vm.memory.pools.PS-Survivor-Space.usage.x100.window.1h" : {
      "count" : 1,
      "max" : 88,
      "mean" : 88.0,
      "min" : 88,
      "p50" : 88.0,
      "p75" : 88.0,
      "p95" : 88.0,
      "p98" : 88.0,
      "p99" : 88.0,
      "p999" : 88.0,
      "values" : [ 88 ],
      "stddev" : 0.0
    },
    "vm.memory.pools.PS-Survivor-Space.usage.x100.window.5m" : {
      "count" : 1,
      "max" : 88,
      "mean" : 88.0,
      "min" : 88,
      "p50" : 88.0,
      "p75" : 88.0,
      "p95" : 88.0,
      "p98" : 88.0,
      "p99" : 88.0,
      "p999" : 88.0,
      "values" : [ 88 ],
      "stddev" : 0.0
    },
    "vm.memory.pools.PS-Survivor-Space.used.history" : {
      "count" : 1,
      "max" : 3670016,
      "mean" : 3670016.0,
      "min" : 3670016,
      "p50" : 3670016.0,
      "p75" : 3670016.0,
      "p95" : 3670016.0,
      "p98" : 3670016.0,
      "p99" : 3670016.0,
      "p999" : 3670016.0,
      "values" : [ 3670016 ],
      "stddev" : 0.0
    },
    "vm.memory.pools.PS-Survivor-Space.used.window.15m" : {
      "count" : 1,
      "max" : 3670016,
      "mean" : 3670016.0,
      "min" : 3670016,
      "p50" : 3670016.0,
      "p75" : 3670016.0,
      "p95" : 3670016.0,
      "p98" : 3670016.0,
      "p99" : 3670016.0,
      "p999" : 3670016.0,
      "values" : [ 3670016 ],
      "stddev" : 0.0
    },
    "vm.memory.pools.PS-Survivor-Space.used.window.1h" : {
      "count" : 1,
      "max" : 3670016,
      "mean" : 3670016.0,
      "min" : 3670016,
      "p50" : 3670016.0,
      "p75" : 3670016.0,
      "p95" : 3670016.0,
      "p98" : 3670016.0,
      "p99" : 3670016.0,
      "p999" : 3670016.0,
      "values" : [ 3670016 ],
      "stddev" : 0.0
    },
    "vm.memory.pools.PS-Survivor-Space.used.window.5m" : {
      "count" : 1,
      "max" : 3670016,
      "mean" : 3670016.0,
      "min" : 3670016,
      "p50" : 3670016.0,
      "p75" : 3670016.0,
      "p95" : 3670016.0,
      "p98" : 3670016.0,
      "p99" : 3670016.0,
      "p999" : 3670016.0,
      "values" : [ 3670016 ],
      "stddev" : 0.0
    },
    "vm.memory.total.committed.history" : {
      "count" : 1,
      "max" : 646864896,
      "mean" : 6.46864896E8,
      "min" : 646864896,
      "p50" : 6.46864896E8,
      "p75" : 6.46864896E8,
      "p95" : 6.46864896E8,
      "p98" : 6.46864896E8,
      "p99" : 6.46864896E8,
      "p999" : 6.46864896E8,
      "values" : [ 646864896 ],
      "stddev" : 0.0
    },
    "vm.memory.total.committed.window.15m" : {
      "count" : 1,
      "max" : 646864896,
      "mean" : 6.46864896E8,
      "min" : 646864896,
      "p50" : 6.46864896E8,
      "p75" : 6.46864896E8,
      "p95" : 6.46864896E8,
      "p98" : 6.46864896E8,
      "p99" : 6.46864896E8,
      "p999" : 6.46864896E8,
      "values" : [ 646864896 ],
      "stddev" : 0.0
    },
    "vm.memory.total.committed.window.1h" : {
      "count" : 1,
      "max" : 646864896,
      "mean" : 6.46864896E8,
      "min" : 646864896,
      "p50" : 6.46864896E8,
      "p75" : 6.46864896E8,
      "p95" : 6.46864896E8,
      "p98" : 6.46864896E8,
      "p99" : 6.46864896E8,
      "p999" : 6.46864896E8,
      "values" : [ 646864896 ],
      "stddev" : 0.0
    },
    "vm.memory.total.committed.window.5m" : {
      "count" : 1,
      "max" : 646864896,
      "mean" : 6.46864896E8,
      "min" : 646864896,
      "p50" : 6.46864896E8,
      "p75" : 6.46864896E8,
      "p95" : 6.46864896E8,
      "p98" : 6.46864896E8,
      "p99" : 6.46864896E8,
      "p999" : 6.46864896E8,
      "values" : [ 646864896 ],
      "stddev" : 0.0
    },
    "vm.memory.total.used.history" : {
      "count" : 1,
      "max" : 383570952,
      "mean" : 3.83570952E8,
      "min" : 383570952,
      "p50" : 3.83570952E8,
      "p75" : 3.83570952E8,
      "p95" : 3.83570952E8,
      "p98" : 3.83570952E8,
      "p99" : 3.83570952E8,
      "p999" : 3.83570952E8,
      "values" : [ 383570952 ],
      "stddev" : 0.0
    },
    "vm.memory.total.used.window.15m" : {
      "count" : 1,
      "max" : 383570952,
      "mean" : 3.83570952E8,
      "min" : 383570952,
      "p50" : 3.83570952E8,
      "p75" : 3.83570952E8,
      "p95" : 3.83570952E8,
      "p98" : 3.83570952E8,
      "p99" : 3.83570952E8,
      "p999" : 3.83570952E8,
      "values" : [ 383570952 ],
      "stddev" : 0.0
    },
    "vm.memory.total.used.window.1h" : {
      "count" : 1,
      "max" : 383570952,
      "mean" : 3.83570952E8,
      "min" : 383570952,
      "p50" : 3.83570952E8,
      "p75" : 3.83570952E8,
      "p95" : 3.83570952E8,
      "p98" : 3.83570952E8,
      "p99" : 3.83570952E8,
      "p999" : 3.83570952E8,
      "values" : [ 383570952 ],
      "stddev" : 0.0
    },
    "vm.memory.total.used.window.5m" : {
      "count" : 1,
      "max" : 383570952,
      "mean" : 3.83570952E8,
      "min" : 383570952,
      "p50" : 3.83570952E8,
      "p75" : 3.83570952E8,
      "p95" : 3.83570952E8,
      "p98" : 3.83570952E8,
      "p99" : 3.83570952E8,
      "p999" : 3.83570952E8,
      "values" : [ 383570952 ],
      "stddev" : 0.0
    }
  },
  "meters" : {
    "http.responseCodes.badRequest" : {
      "count" : 0,
      "m15_rate" : 0.0,
      "m1_rate" : 0.0,
      "m5_rate" : 0.0,
      "mean_rate" : 0.0,
      "units" : "events/minute"
    },
    "http.responseCodes.created" : {
      "count" : 0,
      "m15_rate" : 0.0,
      "m1_rate" : 0.0,
      "m5_rate" : 0.0,
      "mean_rate" : 0.0,
      "units" : "events/minute"
    },
    "http.responseCodes.forbidden" : {
      "count" : 0,
      "m15_rate" : 0.0,
      "m1_rate" : 0.0,
      "m5_rate" : 0.0,
      "mean_rate" : 0.0,
      "units" : "events/minute"
    },
    "http.responseCodes.noContent" : {
      "count" : 0,
      "m15_rate" : 0.0,
      "m1_rate" : 0.0,
      "m5_rate" : 0.0,
      "mean_rate" : 0.0,
      "units" : "events/minute"
    },
    "http.responseCodes.notFound" : {
      "count" : 0,
      "m15_rate" : 0.0,
      "m1_rate" : 0.0,
      "m5_rate" : 0.0,
      "mean_rate" : 0.0,
      "units" : "events/minute"
    },
    "http.responseCodes.notModified" : {
      "count" : 0,
      "m15_rate" : 0.0,
      "m1_rate" : 0.0,
      "m5_rate" : 0.0,
      "mean_rate" : 0.0,
      "units" : "events/minute"
    },
    "http.responseCodes.ok" : {
      "count" : 3,
      "m15_rate" : 0.06648182394123926,
      "m1_rate" : 0.9594670244481206,
      "m5_rate" : 0.1983425541405901,
      "mean_rate" : 4.146084371352008,
      "units" : "events/minute"
    },
    "http.responseCodes.other" : {
      "count" : 0,
      "m15_rate" : 0.0,
      "m1_rate" : 0.0,
      "m5_rate" : 0.0,
      "mean_rate" : 0.0,
      "units" : "events/minute"
    },
    "http.responseCodes.serverError" : {
      "count" : 0,
      "m15_rate" : 0.0,
      "m1_rate" : 0.0,
      "m5_rate" : 0.0,
      "mean_rate" : 0.0,
      "units" : "events/minute"
    },
    "http.responseCodes.serviceUnavailable" : {
      "count" : 21,
      "m15_rate" : 35.80202169548286,
      "m1_rate" : 33.41054702871598,
      "m5_rate" : 35.41792393215492,
      "mean_rate" : 29.02249259760596,
      "units" : "events/minute"
    },
    "jenkins.job.scheduled" : {
      "count" : 0,
      "m15_rate" : 0.0,
      "m1_rate" : 0.0,
      "m5_rate" : 0.0,
      "mean_rate" : 0.0,
      "units" : "events/minute"
    },
    "jenkins.runs.aborted" : {
      "count" : 0,
      "m15_rate" : 0.0,
      "m1_rate" : 0.0,
      "m5_rate" : 0.0,
      "mean_rate" : 0.0,
      "units" : "events/minute"
    },
    "jenkins.runs.failure" : {
      "count" : 0,
      "m15_rate" : 0.0,
      "m1_rate" : 0.0,
      "m5_rate" : 0.0,
      "mean_rate" : 0.0,
      "units" : "events/minute"
    },
    "jenkins.runs.not_built" : {
      "count" : 0,
      "m15_rate" : 0.0,
      "m1_rate" : 0.0,
      "m5_rate" : 0.0,
      "mean_rate" : 0.0,
      "units" : "events/minute"
    },
    "jenkins.runs.success" : {
      "count" : 0,
      "m15_rate" : 0.0,
      "m1_rate" : 0.0,
      "m5_rate" : 0.0,
      "mean_rate" : 0.0,
      "units" : "events/minute"
    },
    "jenkins.runs.total" : {
      "count" : 0,
      "m15_rate" : 0.0,
      "m1_rate" : 0.0,
      "m5_rate" : 0.0,
      "mean_rate" : 0.0,
      "units" : "events/minute"
    },
    "jenkins.runs.unstable" : {
      "count" : 0,
      "m15_rate" : 0.0,
      "m1_rate" : 0.0,
      "m5_rate" : 0.0,
      "mean_rate" : 0.0,
      "units" : "events/minute"
    },
    "jenkins.task.scheduled" : {
      "count" : 0,
      "m15_rate" : 0.0,
      "m1_rate" : 0.0,
      "m5_rate" : 0.0,
      "mean_rate" : 0.0,
      "units" : "events/minute"
    }
  },
  "timers" : {
    "http.requests" : {
      "count" : 24,
      "max" : 1.934668,
      "mean" : 0.10402865229548564,
      "min" : 0.0017189000000000002,
      "p50" : 0.0061054,
      "p75" : 0.0147209,
      "p95" : 0.268038,
      "p98" : 1.934668,
      "p99" : 1.934668,
      "p999" : 1.934668,
      "values" : [ 0.0017189000000000002, 0.0019984, 0.0021641, 0.0023284, 0.0027636, 0.0027904, 0.0037488, 0.0037667000000000004, 0.0038084000000000004, 0.004164500000000001, 0.0047458000000000005, 0.004818800000000001, 0.0050273, 0.0061054, 0.009606100000000001, 0.010291600000000001, 0.0126105, 0.0135013, 0.0147209, 0.0153676, 0.017874900000000003, 0.022567, 0.268038, 1.934668 ],
      "stddev" : 0.392516414470603,
      "m15_rate" : 35.8685035194241,
      "m1_rate" : 34.37001405316411,
      "m5_rate" : 35.6162664862955,
      "mean_rate" : 33.17902842459346,
      "duration_units" : "seconds",
      "rate_units" : "calls/minute"
    },
    "jenkins.health-check.duration" : {
      "count" : 0,
      "max" : 0.0,
      "mean" : 0.0,
      "min" : 0.0,
      "p50" : 0.0,
      "p75" : 0.0,
      "p95" : 0.0,
      "p98" : 0.0,
      "p99" : 0.0,
      "p999" : 0.0,
      "values" : [ ],
      "stddev" : 0.0,
      "m15_rate" : 0.0,
      "m1_rate" : 0.0,
      "m5_rate" : 0.0,
      "mean_rate" : 0.0,
      "duration_units" : "seconds",
      "rate_units" : "calls/minute"
    },
    "jenkins.job.blocked.duration" : {
      "count" : 0,
      "max" : 0.0,
      "mean" : 0.0,
      "min" : 0.0,
      "p50" : 0.0,
      "p75" : 0.0,
      "p95" : 0.0,
      "p98" : 0.0,
      "p99" : 0.0,
      "p999" : 0.0,
      "values" : [ ],
      "stddev" : 0.0,
      "m15_rate" : 0.0,
      "m1_rate" : 0.0,
      "m5_rate" : 0.0,
      "mean_rate" : 0.0,
      "duration_units" : "seconds",
      "rate_units" : "calls/minute"
    },
    "jenkins.job.buildable.duration" : {
      "count" : 0,
      "max" : 0.0,
      "mean" : 0.0,
      "min" : 0.0,
      "p50" : 0.0,
      "p75" : 0.0,
      "p95" : 0.0,
      "p98" : 0.0,
      "p99" : 0.0,
      "p999" : 0.0,
      "values" : [ ],
      "stddev" : 0.0,
      "m15_rate" : 0.0,
      "m1_rate" : 0.0,
      "m5_rate" : 0.0,
      "mean_rate" : 0.0,
      "duration_units" : "seconds",
      "rate_units" : "calls/minute"
    },
    "jenkins.job.building.duration" : {
      "count" : 0,
      "max" : 0.0,
      "mean" : 0.0,
      "min" : 0.0,
      "p50" : 0.0,
      "p75" : 0.0,
      "p95" : 0.0,
      "p98" : 0.0,
      "p99" : 0.0,
      "p999" : 0.0,
      "values" : [ ],
      "stddev" : 0.0,
      "m15_rate" : 0.0,
      "m1_rate" : 0.0,
      "m5_rate" : 0.0,
      "mean_rate" : 0.0,
      "duration_units" : "seconds",
      "rate_units" : "calls/minute"
    },
    "jenkins.job.execution.time" : {
      "count" : 0,
      "max" : 0.0,
      "mean" : 0.0,
      "min" : 0.0,
      "p50" : 0.0,
      "p75" : 0.0,
      "p95" : 0.0,
      "p98" : 0.0,
      "p99" : 0.0,
      "p999" : 0.0,
      "values" : [ ],
      "stddev" : 0.0,
      "m15_rate" : 0.0,
      "m1_rate" : 0.0,
      "m5_rate" : 0.0,
      "mean_rate" : 0.0,
      "duration_units" : "seconds",
      "rate_units" : "calls/minute"
    },
    "jenkins.job.queuing.duration" : {
      "count" : 0,
      "max" : 0.0,
      "mean" : 0.0,
      "min" : 0.0,
      "p50" : 0.0,
      "p75" : 0.0,
      "p95" : 0.0,
      "p98" : 0.0,
      "p99" : 0.0,
      "p999" : 0.0,
      "values" : [ ],
      "stddev" : 0.0,
      "m15_rate" : 0.0,
      "m1_rate" : 0.0,
      "m5_rate" : 0.0,
      "mean_rate" : 0.0,
      "duration_units" : "seconds",
      "rate_units" : "calls/minute"
    },
    "jenkins.job.total.duration" : {
      "count" : 0,
      "max" : 0.0,
      "mean" : 0.0,
      "min" : 0.0,
      "p50" : 0.0,
      "p75" : 0.0,
      "p95" : 0.0,
      "p98" : 0.0,
      "p99" : 0.0,
      "p999" : 0.0,
      "values" : [ ],
      "stddev" : 0.0,
      "m15_rate" : 0.0,
      "m1_rate" : 0.0,
      "m5_rate" : 0.0,
      "mean_rate" : 0.0,
      "duration_units" : "seconds",
      "rate_units" : "calls/minute"
    },
    "jenkins.job.waiting.duration" : {
      "count" : 0,
      "max" : 0.0,
      "mean" : 0.0,
      "min" : 0.0,
      "p50" : 0.0,
      "p75" : 0.0,
      "p95" : 0.0,
      "p98" : 0.0,
      "p99" : 0.0,
      "p999" : 0.0,
      "values" : [ ],
      "stddev" : 0.0,
      "m15_rate" : 0.0,
      "m1_rate" : 0.0,
      "m5_rate" : 0.0,
      "mean_rate" : 0.0,
      "duration_units" : "seconds",
      "rate_units" : "calls/minute"
    },
    "jenkins.task.blocked.duration" : {
      "count" : 0,
      "max" : 0.0,
      "mean" : 0.0,
      "min" : 0.0,
      "p50" : 0.0,
      "p75" : 0.0,
      "p95" : 0.0,
      "p98" : 0.0,
      "p99" : 0.0,
      "p999" : 0.0,
      "values" : [ ],
      "stddev" : 0.0,
      "m15_rate" : 0.0,
      "m1_rate" : 0.0,
      "m5_rate" : 0.0,
      "mean_rate" : 0.0,
      "duration_units" : "seconds",
      "rate_units" : "calls/minute"
    },
    "jenkins.task.buildable.duration" : {
      "count" : 0,
      "max" : 0.0,
      "mean" : 0.0,
      "min" : 0.0,
      "p50" : 0.0,
      "p75" : 0.0,
      "p95" : 0.0,
      "p98" : 0.0,
      "p99" : 0.0,
      "p999" : 0.0,
      "values" : [ ],
      "stddev" : 0.0,
      "m15_rate" : 0.0,
      "m1_rate" : 0.0,
      "m5_rate" : 0.0,
      "mean_rate" : 0.0,
      "duration_units" : "seconds",
      "rate_units" : "calls/minute"
    },
    "jenkins.task.execution.duration" : {
      "count" : 0,
      "max" : 0.0,
      "mean" : 0.0,
      "min" : 0.0,
      "p50" : 0.0,
      "p75" : 0.0,
      "p95" : 0.0,
      "p98" : 0.0,
      "p99" : 0.0,
      "p999" : 0.0,
      "values" : [ ],
      "stddev" : 0.0,
      "m15_rate" : 0.0,
      "m1_rate" : 0.0,
      "m5_rate" : 0.0,
      "mean_rate" : 0.0,
      "duration_units" : "seconds",
      "rate_units" : "calls/minute"
    },
    "jenkins.task.queuing.duration" : {
      "count" : 0,
      "max" : 0.0,
      "mean" : 0.0,
      "min" : 0.0,
      "p50" : 0.0,
      "p75" : 0.0,
      "p95" : 0.0,
      "p98" : 0.0,
      "p99" : 0.0,
      "p999" : 0.0,
      "values" : [ ],
      "stddev" : 0.0,
      "m15_rate" : 0.0,
      "m1_rate" : 0.0,
      "m5_rate" : 0.0,
      "mean_rate" : 0.0,
      "duration_units" : "seconds",
      "rate_units" : "calls/minute"
    },
    "jenkins.task.waiting.duration" : {
      "count" : 0,
      "max" : 0.0,
      "mean" : 0.0,
      "min" : 0.0,
      "p50" : 0.0,
      "p75" : 0.0,
      "p95" : 0.0,
      "p98" : 0.0,
      "p99" : 0.0,
      "p999" : 0.0,
      "values" : [ ],
      "stddev" : 0.0,
      "m15_rate" : 0.0,
      "m1_rate" : 0.0,
      "m5_rate" : 0.0,
      "mean_rate" : 0.0,
      "duration_units" : "seconds",
      "rate_units" : "calls/minute"
    }
  }
}