{
  "version" : "4.0.0",
  "gauges" : {
    "jenkins.executor.count.value" : {
      "value" : 2
    },
    "jenkins.executor.free.value" : {
      "value" : 2
    },
    "jenkins.executor.in-use.value" : {
      "value" : 0
    },
    "jenkins.health-check.count" : {
      "value" : 4
    },
    "jenkins.health-check.inverse-score" : {
      "value" : 0.0
    },
    "jenkins.health-check.score" : {
      "value" : 1.0
    },
    "jenkins.job.averageDepth" : {
      "value" : 0.0
    },
    "jenkins.job.count.value" : {
      "value" : 0
    },
    "jenkins.node.count.value" : {
      "value" : 1
    },
    "jenkins.node.offline.value" : {
      "value" : 0
    },
    "jenkins.node.online.value" : {
      "value" : 1
    },
    "jenkins.plugins.active" : {
      "value" : 107
    },
    "jenkins.plugins.failed" : {
      "value" : 0
    },
    "jenkins.plugins.inactive" : {
      "value" : 0
    },
    "jenkins.plugins.withUpdate" : {
      "value" : 55
    },
    "jenkins.project.count.value" : {
      "value" : 0
    },
    "jenkins.project.disabled.count.value" : {
      "value" : 0
    },
    "jenkins.project.enabled.count.value" : {
      "value" : 0
    },
    "jenkins.queue.blocked.value" : {
      "value" : 0
    },
    "jenkins.queue.buildable.value" : {
      "value" : 0
    },
    "jenkins.queue.pending.value" : {
      "value" : 0
    },
    "jenkins.queue.size.value" : {
      "value" : 0
    },
    "jenkins.queue.stuck.value" : {
      "value" : 0
    },
    "jenkins.versions.core" : {
      "value" : "2.150.1"
    },
    "jenkins.versions.plugin.ace-editor" : {
      "value" : "1.1"
    },
    "jenkins.versions.plugin.ant" : {
      "value" : "1.9"
    },
    "jenkins.versions.plugin.apache-httpcomponents-client-4-api" : {
      "value" : "4.5.5-3.0"
    },
    "jenkins.versions.plugin.artifactory" : {
      "value" : "2.16.2"
    },
    "jenkins.versions.plugin.authentication-tokens" : {
      "value" : "1.3"
    },
    "jenkins.versions.plugin.blueocean" : {
      "value" : "1.9.0"
    },
    "jenkins.versions.plugin.blueocean-autofavorite" : {
      "value" : "1.2.2"
    },
    "jenkins.versions.plugin.blueocean-bitbucket-pipeline" : {
      "value" : "1.9.0"
    },
    "jenkins.versions.plugin.blueocean-commons" : {
      "value" : "1.9.0"
    },
    "jenkins.versions.plugin.blueocean-config" : {
      "value" : "1.9.0"
    },
    "jenkins.versions.plugin.blueocean-core-js" : {
      "value" : "1.9.0"
    },
    "jenkins.versions.plugin.blueocean-dashboard" : {
      "value" : "1.9.0"
    },
    "jenkins.versions.plugin.blueocean-display-url" : {
      "value" : "2.2.0"
    },
    "jenkins.versions.plugin.blueocean-events" : {
      "value" : "1.9.0"
    },
    "jenkins.versions.plugin.blueocean-git-pipeline" : {
      "value" : "1.9.0"
    },
    "jenkins.versions.plugin.blueocean-github-pipeline" : {
      "value" : "1.9.0"
    },
    "jenkins.versions.plugin.blueocean-i18n" : {
      "value" : "1.9.0"
    },
    "jenkins.versions.plugin.blueocean-jira" : {
      "value" : "1.9.0"
    },
    "jenkins.versions.plugin.blueocean-jwt" : {
      "value" : "1.9.0"
    },
    "jenkins.versions.plugin.blueocean-personalization" : {
      "value" : "1.9.0"
    },
    "jenkins.versions.plugin.blueocean-pipeline-api-impl" : {
      "value" : "1.9.0"
    },
    "jenkins.versions.plugin.blueocean-pipeline-editor" : {
      "value" : "1.9.0"
    },
    "jenkins.versions.plugin.blueocean-pipeline-scm-api" : {
      "value" : "1.9.0"
    },
    "jenkins.versions.plugin.blueocean-rest" : {
      "value" : "1.9.0"
    },
    "jenkins.versions.plugin.blueocean-rest-impl" : {
      "value" : "1.9.0"
    },
    "jenkins.versions.plugin.blueocean-web" : {
      "value" : "1.9.0"
    },
    "jenkins.versions.plugin.bouncycastle-api" : {
      "value" : "2.17"
    },
    "jenkins.versions.plugin.branch-api" : {
      "value" : "2.1.2"
    },
    "jenkins.versions.plugin.cloudbees-bitbucket-branch-source" : {
      "value" : "2.4.0"
    },
    "jenkins.versions.plugin.cloudbees-folder" : {
      "value" : "6.7"
    },
    "jenkins.versions.plugin.command-launcher" : {
      "value" : "1.2"
    },
    "jenkins.versions.plugin.config-file-provider" : {
      "value" : "3.4.1"
    },
    "jenkins.versions.plugin.configuration-as-code" : {
      "value" : "1.3"
    },
    "jenkins.versions.plugin.credentials" : {
      "value" : "2.1.18"
    },
    "jenkins.versions.plugin.credentials-binding" : {
      "value" : "1.17"
    },
    "jenkins.versions.plugin.display-url-api" : {
      "value" : "2.3.0"
    },
    "jenkins.versions.plugin.docker-commons" : {
      "value" : "1.13"
    },
    "jenkins.versions.plugin.docker-workflow" : {
      "value" : "1.17"
    },
    "jenkins.versions.plugin.durable-task" : {
      "value" : "1.28"
    },
    "jenkins.versions.plugin.favorite" : {
      "value" : "2.3.2"
    },
    "jenkins.versions.plugin.git" : {
      "value" : "3.9.1"
    },
    "jenkins.versions.plugin.git-client" : {
      "value" : "2.7.4"
    },
    "jenkins.versions.plugin.git-server" : {
      "value" : "1.7"
    },
    "jenkins.versions.plugin.gitea" : {
      "value" : "1.0.8"
    },
    "jenkins.versions.plugin.github" : {
      "value" : "1.29.3"
    },
    "jenkins.versions.plugin.github-api" : {
      "value" : "1.95"
    },
    "jenkins.versions.plugin.github-branch-source" : {
      "value" : "2.4.1"
    },
    "jenkins.versions.plugin.gitlab-plugin" : {
      "value" : "1.5.11"
    },
    "jenkins.versions.plugin.gradle" : {
      "value" : "1.29"
    },
    "jenkins.versions.plugin.handlebars" : {
      "value" : "1.1.1"
    },
    "jenkins.versions.plugin.handy-uri-templates-2-api" : {
      "value" : "2.1.6-1.0"
    },
    "jenkins.versions.plugin.htmlpublisher" : {
      "value" : "1.17"
    },
    "jenkins.versions.plugin.ivy" : {
      "value" : "1.28"
    },
    "jenkins.versions.plugin.jackson2-api" : {
      "value" : "2.9.8"
    },
    "jenkins.versions.plugin.javadoc" : {
      "value" : "1.4"
    },
    "jenkins.versions.plugin.jenkins-design-language" : {
      "value" : "1.9.0"
    },
    "jenkins.versions.plugin.jira" : {
      "value" : "3.0.5"
    },
    "jenkins.versions.plugin.jquery-detached" : {
      "value" : "1.2.1"
    },
    "jenkins.versions.plugin.jsch" : {
      "value" : "0.1.54.2"
    },
    "jenkins.versions.plugin.junit" : {
      "value" : "1.26.1"
    },
    "jenkins.versions.plugin.jx-resources" : {
      "value" : "1.0.24"
    },
    "jenkins.versions.plugin.kubernetes" : {
      "value" : "1.13.7"
    },
    "jenkins.versions.plugin.kubernetes-credentials" : {
      "value" : "0.4.0"
    },
    "jenkins.versions.plugin.kubernetes-credentials-provider" : {
      "value" : "0.11"
    },
    "jenkins.versions.plugin.lockable-resources" : {
      "value" : "2.3"
    },
    "jenkins.versions.plugin.mailer" : {
      "value" : "1.22"
    },
    "jenkins.versions.plugin.matrix-project" : {
      "value" : "1.13"
    },
    "jenkins.versions.plugin.maven-plugin" : {
      "value" : "3.2"
    },
    "jenkins.versions.plugin.mercurial" : {
      "value" : "2.4"
    },
    "jenkins.versions.plugin.metrics" : {
      "value" : "4.0.2.2"
    },
    "jenkins.versions.plugin.momentjs" : {
      "value" : "1.1.1"
    },
    "jenkins.versions.plugin.pipeline-build-step" : {
      "value" : "2.7"
    },
    "jenkins.versions.plugin.pipeline-graph-analysis" : {
      "value" : "1.9"
    },
    "jenkins.versions.plugin.pipeline-input-step" : {
      "value" : "2.8"
    },
    "jenkins.versions.plugin.pipeline-milestone-step" : {
      "value" : "1.3.1"
    },
    "jenkins.versions.plugin.pipeline-model-api" : {
      "value" : "1.3.3"
    },
    "jenkins.versions.plugin.pipeline-model-declarative-agent" : {
      "value" : "1.1.1"
    },
    "jenkins.versions.plugin.pipeline-model-definition" : {
      "value" : "1.3.3"
    },
    "jenkins.versions.plugin.pipeline-model-extensions" : {
      "value" : "1.3.3"
    },
    "jenkins.versions.plugin.pipeline-rest-api" : {
      "value" : "2.10"
    },
    "jenkins.versions.plugin.pipeline-stage-step" : {
      "value" : "2.3"
    },
    "jenkins.versions.plugin.pipeline-stage-tags-metadata" : {
      "value" : "1.3.3"
    },
    "jenkins.versions.plugin.pipeline-stage-view" : {
      "value" : "2.10"
    },
    "jenkins.versions.plugin.plain-credentials" : {
      "value" : "1.4"
    },
    "jenkins.versions.plugin.pubsub-light" : {
      "value" : "1.12"
    },
    "jenkins.versions.plugin.resource-disposer" : {
      "value" : "0.12"
    },
    "jenkins.versions.plugin.scm-api" : {
      "value" : "2.3.0"
    },
    "jenkins.versions.plugin.script-security" : {
      "value" : "1.49"
    },
    "jenkins.versions.plugin.simple-theme-plugin" : {
      "value" : "0.5.1"
    },
    "jenkins.versions.plugin.sse-gateway" : {
      "value" : "1.16"
    },
    "jenkins.versions.plugin.ssh-credentials" : {
      "value" : "1.14"
    },
    "jenkins.versions.plugin.structs" : {
      "value" : "1.17"
    },
    "jenkins.versions.plugin.support-core" : {
      "value" : "2.52"
    },
    "jenkins.versions.plugin.token-macro" : {
      "value" : "2.5"
    },
    "jenkins.versions.plugin.variant" : {
      "value" : "1.1"
    },
    "jenkins.versions.plugin.workflow-aggregator" : {
      "value" : "2.6"
    },
    "jenkins.versions.plugin.workflow-api" : {
      "value" : "2.33"
    },
    "jenkins.versions.plugin.workflow-basic-steps" : {
      "value" : "2.13"
    },
    "jenkins.versions.plugin.workflow-cps" : {
      "value" : "2.61"
    },
    "jenkins.versions.plugin.workflow-cps-global-lib" : {
      "value" : "2.12"
    },
    "jenkins.versions.plugin.workflow-durable-task-step" : {
      "value" : "2.26"
    },
    "jenkins.versions.plugin.workflow-job" : {
      "value" : "2.30"
    },
    "jenkins.versions.plugin.workflow-multibranch" : {
      "value" : "2.20"
    },
    "jenkins.versions.plugin.workflow-scm-step" : {
      "value" : "2.7"
    },
    "jenkins.versions.plugin.workflow-step-api" : {
      "value" : "2.17"
    },
    "jenkins.versions.plugin.workflow-support" : {
      "value" : "2.23"
    },
    "jenkins.versions.plugin.ws-cleanup" : {
      "value" : "0.36"
    },
    "system.cpu.load" : {
      "value" : 1.81
    },
    "vm.blocked.count" : {
      "value" : 0
    },
    "vm.class.loaded" : {
      "value" : 16030
    },
    "vm.class.unloaded" : {
      "value" : 30
    },
    "vm.count" : {
      "value" : 54
    },
    "vm.cpu.load" : {
      "value" : 1.7704983922829582
    },
    "vm.daemon.count" : {
      "value" : 32
    },
    "vm.deadlock.count" : {
      "value" : 0
    },
    "vm.deadlocks" : {
      "value" : [ ]
    },
    "vm.file.descriptor.ratio" : {
      "value" : 6.532669067382812E-4
    },
    "vm.gc.PS-MarkSweep.count" : {
      "value" : 5
    },
    "vm.gc.PS-MarkSweep.time" : {
      "value" : 695
    },
    "vm.gc.PS-Scavenge.count" : {
      "value" : 124
    },
    "vm.gc.PS-Scavenge.time" : {
      "value" : 966
    },
    "vm.memory.heap.committed" : {
      "value" : 458227712
    },
    "vm.memory.heap.init" : {
      "value" : 69206016
    },
    "vm.memory.heap.max" : {
      "value" : 978845696
    },
    "vm.memory.heap.usage" : {
      "value" : 0.07774250866195768
    },
    "vm.memory.heap.used" : {
      "value" : 76097920
    },
    "vm.memory.non-heap.committed" : {
      "value" : 142934016
    },
    "vm.memory.non-heap.init" : {
      "value" : 2555904
    },
    "vm.memory.non-heap.max" : {
      "value" : -1
    },
    "vm.memory.non-heap.usage" : {
      "value" : -1.31323656E8
    },
    "vm.memory.non-heap.used" : {
      "value" : 131325616
    },
    "vm.memory.pools.Code-Cache.committed" : {
      "value" : 26279936
    },
    "vm.memory.pools.Code-Cache.init" : {
      "value" : 2555904
    },
    "vm.memory.pools.Code-Cache.max" : {
      "value" : 251658240
    },
    "vm.memory.pools.Code-Cache.usage" : {
      "value" : 0.10357106526692708
    },
    "vm.memory.pools.Code-Cache.used" : {
      "value" : 26066112
    },
    "vm.memory.pools.Compressed-Class-Space.committed" : {
      "value" : 13238272
    },
    "vm.memory.pools.Compressed-Class-Space.init" : {
      "value" : 0
    },
    "vm.memory.pools.Compressed-Class-Space.max" : {
      "value" : 1073741824
    },
    "vm.memory.pools.Compressed-Class-Space.usage" : {
      "value" : 0.0101824551820755
    },
    "vm.memory.pools.Compressed-Class-Space.used" : {
      "value" : 10933328
    },
    "vm.memory.pools.Metaspace.committed" : {
      "value" : 103415808
    },
    "vm.memory.pools.Metaspace.init" : {
      "value" : 0
    },
    "vm.memory.pools.Metaspace.max" : {
      "value" : -1
    },
    "vm.memory.pools.Metaspace.usage" : {
      "value" : 0.9121765987652487
    },
    "vm.memory.pools.Metaspace.used" : {
      "value" : 94333480
    },
    "vm.memory.pools.PS-Eden-Space.committed" : {
      "value" : 351272960
    },
    "vm.memory.pools.PS-Eden-Space.init" : {
      "value" : 17825792
    },
    "vm.memory.pools.PS-Eden-Space.max" : {
      "value" : 355991552
    },
    "vm.memory.pools.PS-Eden-Space.usage" : {
      "value" : 0.042295475596005154
    },
    "vm.memory.pools.PS-Eden-Space.used" : {
      "value" : 15056832
    },
    "vm.memory.pools.PS-Eden-Space.used-after-gc" : {
      "value" : 0
    },
    "vm.memory.pools.PS-Old-Gen.committed" : {
      "value" : 103809024
    },
    "vm.memory.pools.PS-Old-Gen.init" : {
      "value" : 46137344
    },
    "vm.memory.pools.PS-Old-Gen.max" : {
      "value" : 734003200
    },
    "vm.memory.pools.PS-Old-Gen.usage" : {
      "value" : 0.08330835614885602
    },
    "vm.memory.pools.PS-Old-Gen.used" : {
      "value" : 61148600
    },
    "vm.memory.pools.PS-Old-Gen.used-after-gc" : {
      "value" : 61148600
    },
    "vm.memory.pools.PS-Survivor-Space.committed" : {
      "value" : 3145728
    },
    "vm.memory.pools.PS-Survivor-Space.init" : {
      "value" : 2621440
    },
    "vm.memory.pools.PS-Survivor-Space.max" : {
      "value" : 3145728
    },
    "vm.memory.pools.PS-Survivor-Space.usage" : {
      "value" : 0.0
    },
    "vm.memory.pools.PS-Survivor-Space.used" : {
      "value" : 0
    },
    "vm.memory.pools.PS-Survivor-Space.used-after-gc" : {
      "value" : 0
    },
    "vm.memory.total.committed" : {
      "value" : 601161728
    },
    "vm.memory.total.init" : {
      "value" : 71761920
    },
    "vm.memory.total.max" : {
      "value" : 978845695
    },
    "vm.memory.total.used" : {
      "value" : 207677376
    },
    "vm.new.count" : {
      "value" : 0
    },
    "vm.runnable.count" : {
      "value" : 11
    },
    "vm.terminated.count" : {
      "value" : 0
    },
    "vm.timed_waiting.count" : {
      "value" : 29
    },
    "vm.uptime.milliseconds" : {
      "value" : 187334
    },
    "vm.waiting.count" : {
      "value" : 14
    }
  },
  "counters" : {
    "http.activeRequests" : {
      "count" : 0
    }
  },
  "histograms" : {
    "jenkins.executor.count.history" : {
      "count" : 2,
      "max" : 2,
      "mean" : 2.0,
      "min" : 2,
      "p50" : 2.0,
      "p75" : 2.0,
      "p95" : 2.0,
      "p98" : 2.0,
      "p99" : 2.0,
      "p999" : 2.0,
      "values" : [ 2, 2 ],
      "stddev" : 0.0
    },
    "jenkins.executor.free.history" : {
      "count" : 2,
      "max" : 2,
      "mean" : 2.0,
      "min" : 2,
      "p50" : 2.0,
      "p75" : 2.0,
      "p95" : 2.0,
      "p98" : 2.0,
      "p99" : 2.0,
      "p999" : 2.0,
      "values" : [ 2, 2 ],
      "stddev" : 0.0
    },
    "jenkins.executor.in-use.history" : {
      "count" : 2,
      "max" : 0,
      "mean" : 0.0,
      "min" : 0,
      "p50" : 0.0,
      "p75" : 0.0,
      "p95" : 0.0,
      "p98" : 0.0,
      "p99" : 0.0,
      "p999" : 0.0,
      "values" : [ 0, 0 ],
      "stddev" : 0.0
    },
    "jenkins.job.count.history" : {
      "count" : 2,
      "max" : 0,
      "mean" : 0.0,
      "min" : 0,
      "p50" : 0.0,
      "p75" : 0.0,
      "p95" : 0.0,
      "p98" : 0.0,
      "p99" : 0.0,
      "p999" : 0.0,
      "values" : [ 0, 0 ],
      "stddev" : 0.0
    },
    "jenkins.node.count.history" : {
      "count" : 2,
      "max" : 1,
      "mean" : 1.0,
      "min" : 1,
      "p50" : 1.0,
      "p75" : 1.0,
      "p95" : 1.0,
      "p98" : 1.0,
      "p99" : 1.0,
      "p999" : 1.0,
      "values" : [ 1, 1 ],
      "stddev" : 0.0
    },
    "jenkins.node.offline.history" : {
      "count" : 2,
      "max" : 0,
      "mean" : 0.0,
      "min" : 0,
      "p50" : 0.0,
      "p75" : 0.0,
      "p95" : 0.0,
      "p98" : 0.0,
      "p99" : 0.0,
      "p999" : 0.0,
      "values" : [ 0, 0 ],
      "stddev" : 0.0
    },
    "jenkins.node.online.history" : {
      "count" : 2,
      "max" : 1,
      "mean" : 1.0,
      "min" : 1,
      "p50" : 1.0,
      "p75" : 1.0,
      "p95" : 1.0,
      "p98" : 1.0,
      "p99" : 1.0,
      "p999" : 1.0,
      "values" : [ 1, 1 ],
      "stddev" : 0.0
    },
    "jenkins.project.count.history" : {
      "count" : 2,
      "max" : 0,
      "mean" : 0.0,
      "min" : 0,
      "p50" : 0.0,
      "p75" : 0.0,
      "p95" : 0.0,
      "p98" : 0.0,
      "p99" : 0.0,
      "p999" : 0.0,
      "values" : [ 0, 0 ],
      "stddev" : 0.0
    },
    "jenkins.project.disabled.count.history" : {
      "count" : 2,
      "max" : 0,
      "mean" : 0.0,
      "min" : 0,
      "p50" : 0.0,
      "p75" : 0.0,
      "p95" : 0.0,
      "p98" : 0.0,
      "p99" : 0.0,
      "p999" : 0.0,
      "values" : [ 0, 0 ],
      "stddev" : 0.0
    },
    "jenkins.project.enabled.count.history" : {
      "count" : 2,
      "max" : 0,
      "mean" : 0.0,
      "min" : 0,
      "p50" : 0.0,
      "p75" : 0.0,
      "p95" : 0.0,
      "p98" : 0.0,
      "p99" : 0.0,
      "p999" : 0.0,
      "values" : [ 0, 0 ],
      "stddev" : 0.0
    },
    "jenkins.queue.blocked.history" : {
      "count" : 2,
      "max" : 0,
      "mean" : 0.0,
      "min" : 0,
      "p50" : 0.0,
      "p75" : 0.0,
      "p95" : 0.0,
      "p98" : 0.0,
      "p99" : 0.0,
      "p999" : 0.0,
      "values" : [ 0, 0 ],
      "stddev" : 0.0
    },
    "jenkins.queue.buildable.history" : {
      "count" : 2,
      "max" : 0,
      "mean" : 0.0,
      "min" : 0,
      "p50" : 0.0,
      "p75" : 0.0,
      "p95" : 0.0,
      "p98" : 0.0,
      "p99" : 0.0,
      "p999" : 0.0,
      "values" : [ 0, 0 ],
      "stddev" : 0.0
    },
    "jenkins.queue.pending.history" : {
      "count" : 2,
      "max" : 0,
      "mean" : 0.0,
      "min" : 0,
      "p50" : 0.0,
      "p75" : 0.0,
      "p95" : 0.0,
      "p98" : 0.0,
      "p99" : 0.0,
      "p999" : 0.0,
      "values" : [ 0, 0 ],
      "stddev" : 0.0
    },
    "jenkins.queue.size.history" : {
      "count" : 2,
      "max" : 0,
      "mean" : 0.0,
      "min" : 0,
      "p50" : 0.0,
      "p75" : 0.0,
      "p95" : 0.0,
      "p98" : 0.0,
      "p99" : 0.0,
      "p999" : 0.0,
      "values" : [ 0, 0 ],
      "stddev" : 0.0
    },
    "jenkins.queue.stuck.history" : {
      "count" : 2,
      "max" : 0,
      "mean" : 0.0,
      "min" : 0,
      "p50" : 0.0,
      "p75" : 0.0,
      "p95" : 0.0,
      "p98" : 0.0,
      "p99" : 0.0,
      "p999" : 0.0,
      "values" : [ 0, 0 ],
      "stddev" : 0.0
    },
    "system.cpu.load.x100.history" : {
      "count" : 2,
      "max" : 181,
      "mean" : 168.124402825794,
      "min" : 152,
      "p50" : 181.0,
      "p75" : 181.0,
      "p95" : 181.0,
      "p98" : 181.0,
      "p99" : 181.0,
      "p999" : 181.0,
      "values" : [ 152, 181 ],
      "stddev" : 14.408723588838553
    },
    "system.cpu.load.x100.window.15m" : {
      "count" : 2,
      "max" : 181,
      "mean" : 166.5,
      "min" : 152,
      "p50" : 166.5,
      "p75" : 181.0,
      "p95" : 181.0,
      "p98" : 181.0,
      "p99" : 181.0,
      "p999" : 181.0,
      "values" : [ 152, 181 ],
      "stddev" : 20.506096654409877
    },
    "system.cpu.load.x100.window.1h" : {
      "count" : 2,
      "max" : 181,
      "mean" : 166.5,
      "min" : 152,
      "p50" : 166.5,
      "p75" : 181.0,
      "p95" : 181.0,
      "p98" : 181.0,
      "p99" : 181.0,
      "p999" : 181.0,
      "values" : [ 152, 181 ],
      "stddev" : 20.506096654409877
    },
    "system.cpu.load.x100.window.5m" : {
      "count" : 2,
      "max" : 181,
      "mean" : 166.5,
      "min" : 152,
      "p50" : 166.5,
      "p75" : 181.0,
      "p95" : 181.0,
      "p98" : 181.0,
      "p99" : 181.0,
      "p999" : 181.0,
      "values" : [ 152, 181 ],
      "stddev" : 20.506096654409877
    },
    "vm.cpu.load.x100.history" : {
      "count" : 2,
      "max" : 177,
      "mean" : 124.60963908426515,
      "min" : 59,
      "p50" : 177.0,
      "p75" : 177.0,
      "p95" : 177.0,
      "p98" : 177.0,
      "p99" : 177.0,
      "p999" : 177.0,
      "values" : [ 59, 177 ],
      "stddev" : 58.62859943044653
    },
    "vm.cpu.load.x100.window.15m" : {
      "count" : 2,
      "max" : 177,
      "mean" : 118.0,
      "min" : 59,
      "p50" : 118.0,
      "p75" : 177.0,
      "p95" : 177.0,
      "p98" : 177.0,
      "p99" : 177.0,
      "p999" : 177.0,
      "values" : [ 59, 177 ],
      "stddev" : 83.43860018001261
    },
    "vm.cpu.load.x100.window.1h" : {
      "count" : 2,
      "max" : 177,
      "mean" : 118.0,
      "min" : 59,
      "p50" : 118.0,
      "p75" : 177.0,
      "p95" : 177.0,
      "p98" : 177.0,
      "p99" : 177.0,
      "p999" : 177.0,
      "values" : [ 59, 177 ],
      "stddev" : 83.43860018001261
    },
    "vm.cpu.load.x100.window.5m" : {
      "count" : 2,
      "max" : 177,
      "mean" : 118.0,
      "min" : 59,
      "p50" : 118.0,
      "p75" : 177.0,
      "p95" : 177.0,
      "p98" : 177.0,
      "p99" : 177.0,
      "p999" : 177.0,
      "values" : [ 59, 177 ],
      "stddev" : 83.43860018001261
    },
    "vm.file.descriptor.ratio.x100.history" : {
      "count" : 2,
      "max" : 0,
      "mean" : 0.0,
      "min" : 0,
      "p50" : 0.0,
      "p75" : 0.0,
      "p95" : 0.0,
      "p98" : 0.0,
      "p99" : 0.0,
      "p999" : 0.0,
      "values" : [ 0, 0 ],
      "stddev" : 0.0
    },
    "vm.file.descriptor.ratio.x100.window.15m" : {
      "count" : 2,
      "max" : 0,
      "mean" : 0.0,
      "min" : 0,
      "p50" : 0.0,
      "p75" : 0.0,
      "p95" : 0.0,
      "p98" : 0.0,
      "p99" : 0.0,
      "p999" : 0.0,
      "values" : [ 0, 0 ],
      "stddev" : 0.0
    },
    "vm.file.descriptor.ratio.x100.window.1h" : {
      "count" : 2,
      "max" : 0,
      "mean" : 0.0,
      "min" : 0,
      "p50" : 0.0,
      "p75" : 0.0,
      "p95" : 0.0,
      "p98" : 0.0,
      "p99" : 0.0,
      "p999" : 0.0,
      "values" : [ 0, 0 ],
      "stddev" : 0.0
    },
    "vm.file.descriptor.ratio.x100.window.5m" : {
      "count" : 2,
      "max" : 0,
      "mean" : 0.0,
      "min" : 0,
      "p50" : 0.0,
      "p75" : 0.0,
      "p95" : 0.0,
      "p98" : 0.0,
      "p99" : 0.0,
      "p999" : 0.0,
      "values" : [ 0, 0 ],
      "stddev" : 0.0
    },
    "vm.memory.heap.committed.history" : {
      "count" : 2,
      "max" : 458227712,
      "mean" : 3.697726080454259E8,
      "min" : 258998272,
      "p50" : 4.58227712E8,
      "p75" : 4.58227712E8,
      "p95" : 4.58227712E8,
      "p98" : 4.58227712E8,
      "p99" : 4.58227712E8,
      "p999" : 4.58227712E8,
      "values" : [ 258998272, 458227712 ],
      "stddev" : 9.898765281789982E7
    },
    "vm.memory.heap.committed.window.15m" : {
      "count" : 2,
      "max" : 458227712,
      "mean" : 3.58612992E8,
      "min" : 258998272,
      "p50" : 3.58612992E8,
      "p75" : 4.58227712E8,
      "p95" : 4.58227712E8,
      "p98" : 4.58227712E8,
      "p99" : 4.58227712E8,
      "p999" : 4.58227712E8,
      "values" : [ 258998272, 458227712 ],
      "stddev" : 1.408764880359984E8
    },
    "vm.memory.heap.committed.window.1h" : {
      "count" : 2,
      "max" : 458227712,
      "mean" : 3.58612992E8,
      "min" : 258998272,
      "p50" : 3.58612992E8,
      "p75" : 4.58227712E8,
      "p95" : 4.58227712E8,
      "p98" : 4.58227712E8,
      "p99" : 4.58227712E8,
      "p999" : 4.58227712E8,
      "values" : [ 258998272, 458227712 ],
      "stddev" : 1.408764880359984E8
    },
    "vm.memory.heap.committed.window.5m" : {
      "count" : 2,
      "max" : 458227712,
      "mean" : 3.58612992E8,
      "min" : 258998272,
      "p50" : 3.58612992E8,
      "p75" : 4.58227712E8,
      "p95" : 4.58227712E8,
      "p98" : 4.58227712E8,
      "p99" : 4.58227712E8,
      "p999" : 4.58227712E8,
      "values" : [ 258998272, 458227712 ],
      "stddev" : 1.408764880359984E8
    },
    "vm.memory.heap.usage.x100.history" : {
      "count" : 2,
      "max" : 7,
      "mean" : 7.0,
      "min" : 7,
      "p50" : 7.0,
      "p75" : 7.0,
      "p95" : 7.0,
      "p98" : 7.0,
      "p99" : 7.0,
      "p999" : 7.0,
      "values" : [ 7, 7 ],
      "stddev" : 0.0
    },
    "vm.memory.heap.usage.x100.window.15m" : {
      "count" : 2,
      "max" : 7,
      "mean" : 7.0,
      "min" : 7,
      "p50" : 7.0,
      "p75" : 7.0,
      "p95" : 7.0,
      "p98" : 7.0,
      "p99" : 7.0,
      "p999" : 7.0,
      "values" : [ 7, 7 ],
      "stddev" : 0.0
    },
    "vm.memory.heap.usage.x100.window.1h" : {
      "count" : 2,
      "max" : 7,
      "mean" : 7.0,
      "min" : 7,
      "p50" : 7.0,
      "p75" : 7.0,
      "p95" : 7.0,
      "p98" : 7.0,
      "p99" : 7.0,
      "p999" : 7.0,
      "values" : [ 7, 7 ],
      "stddev" : 0.0
    },
    "vm.memory.heap.usage.x100.window.5m" : {
      "count" : 2,
      "max" : 7,
      "mean" : 7.0,
      "min" : 7,
      "p50" : 7.0,
      "p75" : 7.0,
      "p95" : 7.0,
      "p98" : 7.0,
      "p99" : 7.0,
      "p999" : 7.0,
      "values" : [ 7, 7 ],
      "stddev" : 0.0
    },
    "vm.memory.heap.used.history" : {
      "count" : 2,
      "max" : 71672824,
      "mean" : 7.084561749597374E7,
      "min" : 69809688,
      "p50" : 7.1672824E7,
      "p75" : 7.1672824E7,
      "p95" : 7.1672824E7,
      "p98" : 7.1672824E7,
      "p99" : 7.1672824E7,
      "p999" : 7.1672824E7,
      "values" : [ 69809688, 71672824 ],
      "stddev" : 925703.8493935968
    },
    "vm.memory.heap.used.window.15m" : {
      "count" : 2,
      "max" : 71672824,
      "mean" : 7.0741256E7,
      "min" : 69809688,
      "p50" : 7.0741256E7,
      "p75" : 7.1672824E7,
      "p95" : 7.1672824E7,
      "p98" : 7.1672824E7,
      "p99" : 7.1672824E7,
      "p999" : 7.1672824E7,
      "values" : [ 69809688, 71672824 ],
      "stddev" : 1317436.0998727793
    },
    "vm.memory.heap.used.window.1h" : {
      "count" : 2,
      "max" : 71692104,
      "mean" : 7.0750896E7,
      "min" : 69809688,
      "p50" : 7.0750896E7,
      "p75" : 7.1692104E7,
      "p95" : 7.1692104E7,
      "p98" : 7.1692104E7,
      "p99" : 7.1692104E7,
      "p999" : 7.1692104E7,
      "values" : [ 69809688, 71692104 ],
      "stddev" : 1331069.1186140561
    },
    "vm.memory.heap.used.window.5m" : {
      "count" : 2,
      "max" : 71692104,
      "mean" : 7.0750896E7,
      "min" : 69809688,
      "p50" : 7.0750896E7,
      "p75" : 7.1692104E7,
      "p95" : 7.1692104E7,
      "p98" : 7.1692104E7,
      "p99" : 7.1692104E7,
      "p999" : 7.1692104E7,
      "values" : [ 69809688, 71692104 ],
      "stddev" : 1331069.1186140561
    },
    "vm.memory.non-heap.committed.history" : {
      "count" : 2,
      "max" : 142606336,
      "mean" : 1.3812538665493277E8,
      "min" : 132513792,
      "p50" : 1.42606336E8,
      "p75" : 1.42606336E8,
      "p95" : 1.42606336E8,
      "p98" : 1.42606336E8,
      "p99" : 1.42606336E8,
      "p999" : 1.42606336E8,
      "values" : [ 132513792, 142606336 ],
      "stddev" : 5014506.096696241
    },
    "vm.memory.non-heap.committed.window.15m" : {
      "count" : 2,
      "max" : 142606336,
      "mean" : 1.37560064E8,
      "min" : 132513792,
      "p50" : 1.37560064E8,
      "p75" : 1.42606336E8,
      "p95" : 1.42606336E8,
      "p98" : 1.42606336E8,
      "p99" : 1.42606336E8,
      "p999" : 1.42606336E8,
      "values" : [ 132513792, 142606336 ],
      "stddev" : 7136506.301823603
    },
    "vm.memory.non-heap.committed.window.1h" : {
      "count" : 2,
      "max" : 142606336,
      "mean" : 1.37560064E8,
      "min" : 132513792,
      "p50" : 1.37560064E8,
      "p75" : 1.42606336E8,
      "p95" : 1.42606336E8,
      "p98" : 1.42606336E8,
      "p99" : 1.42606336E8,
      "p999" : 1.42606336E8,
      "values" : [ 132513792, 142606336 ],
      "stddev" : 7136506.301823603
    },
    "vm.memory.non-heap.committed.window.5m" : {
      "count" : 2,
      "max" : 142606336,
      "mean" : 1.37560064E8,
      "min" : 132513792,
      "p50" : 1.37560064E8,
      "p75" : 1.42606336E8,
      "p95" : 1.42606336E8,
      "p98" : 1.42606336E8,
      "p99" : 1.42606336E8,
      "p999" : 1.42606336E8,
      "values" : [ 132513792, 142606336 ],
      "stddev" : 7136506.301823603
    },
    "vm.memory.non-heap.usage.x100.history" : {
      "count" : 2,
      "max" : -12124289600,
      "mean" : -1.2664233799485657E10,
      "min" : -13095388000,
      "p50" : -1.3095388E10,
      "p75" : -1.21242896E10,
      "p95" : -1.21242896E10,
      "p98" : -1.21242896E10,
      "p99" : -1.21242896E10,
      "p999" : -1.21242896E10,
      "values" : [ -13095388000, -12124289600 ],
      "stddev" : 4.82492704247013E8
    },
    "vm.memory.non-heap.usage.x100.window.15m" : {
      "count" : 2,
      "max" : -12124372800,
      "mean" : -1.26098804E10,
      "min" : -13095388000,
      "p50" : -1.26098804E10,
      "p75" : -1.21243728E10,
      "p95" : -1.21243728E10,
      "p98" : -1.21243728E10,
      "p99" : -1.21243728E10,
      "p999" : -1.21243728E10,
      "values" : [ -13095388000, -12124372800 ],
      "stddev" : 6.866114325552117E8
    },
    "vm.memory.non-heap.usage.x100.window.1h" : {
      "count" : 2,
      "max" : -12124372800,
      "mean" : -1.26098804E10,
      "min" : -13095388000,
      "p50" : -1.26098804E10,
      "p75" : -1.21243728E10,
      "p95" : -1.21243728E10,
      "p98" : -1.21243728E10,
      "p99" : -1.21243728E10,
      "p999" : -1.21243728E10,
      "values" : [ -13095388000, -12124372800 ],
      "stddev" : 6.866114325552117E8
    },
    "vm.memory.non-heap.usage.x100.window.5m" : {
      "count" : 2,
      "max" : -12124372800,
      "mean" : -1.26098804E10,
      "min" : -13095388000,
      "p50" : -1.26098804E10,
      "p75" : -1.21243728E10,
      "p95" : -1.21243728E10,
      "p98" : -1.21243728E10,
      "p99" : -1.21243728E10,
      "p999" : -1.21243728E10,
      "values" : [ -13095388000, -12124372800 ],
      "stddev" : 6.866114325552117E8
    },
    "vm.memory.non-heap.used.history" : {
      "count" : 2,
      "max" : 130953880,
      "mean" : 1.2664273580641063E8,
      "min" : 121243792,
      "p50" : 1.3095388E8,
      "p75" : 1.3095388E8,
      "p95" : 1.3095388E8,
      "p98" : 1.3095388E8,
      "p99" : 1.3095388E8,
      "p999" : 1.3095388E8,
      "values" : [ 121243792, 130953880 ],
      "stddev" : 4824481.862596489
    },
    "vm.memory.non-heap.used.window.15m" : {
      "count" : 2,
      "max" : 130953880,
      "mean" : 1.26098836E8,
      "min" : 121243792,
      "p50" : 1.26098836E8,
      "p75" : 1.3095388E8,
      "p95" : 1.3095388E8,
      "p98" : 1.3095388E8,
      "p99" : 1.3095388E8,
      "p999" : 1.3095388E8,
      "values" : [ 121243792, 130953880 ],
      "stddev" : 6866069.070718121
    },
    "vm.memory.non-heap.used.window.1h" : {
      "count" : 2,
      "max" : 130953880,
      "mean" : 1.26098836E8,
      "min" : 121243792,
      "p50" : 1.26098836E8,
      "p75" : 1.3095388E8,
      "p95" : 1.3095388E8,
      "p98" : 1.3095388E8,
      "p99" : 1.3095388E8,
      "p999" : 1.3095388E8,
      "values" : [ 121243792, 130953880 ],
      "stddev" : 6866069.070718121
    },
    "vm.memory.non-heap.used.window.5m" : {
      "count" : 2,
      "max" : 130953880,
      "mean" : 1.26098836E8,
      "min" : 121243792,
      "p50" : 1.26098836E8,
      "p75" : 1.3095388E8,
      "p95" : 1.3095388E8,
      "p98" : 1.3095388E8,
      "p99" : 1.3095388E8,
      "p999" : 1.3095388E8,
      "values" : [ 121243792, 130953880 ],
      "stddev" : 6866069.070718121
    },
    "vm.memory.pools.Code-Cache.committed.history" : {
      "count" : 2,
      "max" : 26214400,
      "mean" : 2.4293993137828328E7,
      "min" : 21889024,
      "p50" : 2.62144E7,
      "p75" : 2.62144E7,
      "p95" : 2.62144E7,
      "p98" : 2.62144E7,
      "p99" : 2.62144E7,
      "p999" : 2.62144E7,
      "values" : [ 21889024, 26214400 ],
      "stddev" : 2149074.0414412464
    },
    "vm.memory.pools.Code-Cache.committed.window.15m" : {
      "count" : 2,
      "max" : 26214400,
      "mean" : 2.4051712E7,
      "min" : 21889024,
      "p50" : 2.4051712E7,
      "p75" : 2.62144E7,
      "p95" : 2.62144E7,
      "p98" : 2.62144E7,
      "p99" : 2.62144E7,
      "p999" : 2.62144E7,
      "values" : [ 21889024, 26214400 ],
      "stddev" : 3058502.700781544
    },
    "vm.memory.pools.Code-Cache.committed.window.1h" : {
      "count" : 2,
      "max" : 26214400,
      "mean" : 2.4051712E7,
      "min" : 21889024,
      "p50" : 2.4051712E7,
      "p75" : 2.62144E7,
      "p95" : 2.62144E7,
      "p98" : 2.62144E7,
      "p99" : 2.62144E7,
      "p999" : 2.62144E7,
      "values" : [ 21889024, 26214400 ],
      "stddev" : 3058502.700781544
    },
    "vm.memory.pools.Code-Cache.committed.window.5m" : {
      "count" : 2,
      "max" : 26214400,
      "mean" : 2.4051712E7,
      "min" : 21889024,
      "p50" : 2.4051712E7,
      "p75" : 2.62144E7,
      "p95" : 2.62144E7,
      "p98" : 2.62144E7,
      "p99" : 2.62144E7,
      "p999" : 2.62144E7,
      "values" : [ 21889024, 26214400 ],
      "stddev" : 3058502.700781544
    },
    "vm.memory.pools.Code-Cache.usage.x100.history" : {
      "count" : 2,
      "max" : 10,
      "mean" : 9.55601389054462,
      "min" : 9,
      "p50" : 10.0,
      "p75" : 10.0,
      "p95" : 10.0,
      "p98" : 10.0,
      "p99" : 10.0,
      "p999" : 10.0,
      "values" : [ 9, 10 ],
      "stddev" : 0.496852537546157
    },
    "vm.memory.pools.Code-Cache.usage.x100.window.15m" : {
      "count" : 2,
      "max" : 10,
      "mean" : 9.5,
      "min" : 9,
      "p50" : 9.5,
      "p75" : 10.0,
      "p95" : 10.0,
      "p98" : 10.0,
      "p99" : 10.0,
      "p999" : 10.0,
      "values" : [ 9, 10 ],
      "stddev" : 0.7071067811865476
    },
    "vm.memory.pools.Code-Cache.usage.x100.window.1h" : {
      "count" : 2,
      "max" : 10,
      "mean" : 9.5,
      "min" : 9,
      "p50" : 9.5,
      "p75" : 10.0,
      "p95" : 10.0,
      "p98" : 10.0,
      "p99" : 10.0,
      "p999" : 10.0,
      "values" : [ 9, 10 ],
      "stddev" : 0.7071067811865476
    },
    "vm.memory.pools.Code-Cache.usage.x100.window.5m" : {
      "count" : 2,
      "max" : 10,
      "mean" : 9.5,
      "min" : 9,
      "p50" : 9.5,
      "p75" : 10.0,
      "p95" : 10.0,
      "p98" : 10.0,
      "p99" : 10.0,
      "p999" : 10.0,
      "values" : [ 9, 10 ],
      "stddev" : 0.7071067811865476
    },
    "vm.memory.pools.Code-Cache.used.history" : {
      "count" : 2,
      "max" : 25878976,
      "mean" : 2.403813144864273E7,
      "min" : 21732800,
      "p50" : 2.5878976E7,
      "p75" : 2.5878976E7,
      "p95" : 2.5878976E7,
      "p98" : 2.5878976E7,
      "p99" : 2.5878976E7,
      "p999" : 2.5878976E7,
      "values" : [ 21732800, 25878976 ],
      "stddev" : 2060038.0667129748
    },
    "vm.memory.pools.Code-Cache.used.window.15m" : {
      "count" : 2,
      "max" : 25878976,
      "mean" : 2.3805888E7,
      "min" : 21732800,
      "p50" : 2.3805888E7,
      "p75" : 2.5878976E7,
      "p95" : 2.5878976E7,
      "p98" : 2.5878976E7,
      "p99" : 2.5878976E7,
      "p999" : 2.5878976E7,
      "values" : [ 21732800, 25878976 ],
      "stddev" : 2931789.165592915
    },
    "vm.memory.pools.Code-Cache.used.window.1h" : {
      "count" : 2,
      "max" : 25878976,
      "mean" : 2.3805888E7,
      "min" : 21732800,
      "p50" : 2.3805888E7,
      "p75" : 2.5878976E7,
      "p95" : 2.5878976E7,
      "p98" : 2.5878976E7,
      "p99" : 2.5878976E7,
      "p999" : 2.5878976E7,
      "values" : [ 21732800, 25878976 ],
      "stddev" : 2931789.165592915
    },
    "vm.memory.pools.Code-Cache.used.window.5m" : {
      "count" : 2,
      "max" : 25878976,
      "mean" : 2.3805888E7,
      "min" : 21732800,
      "p50" : 2.3805888E7,
      "p75" : 2.5878976E7,
      "p95" : 2.5878976E7,
      "p98" : 2.5878976E7,
      "p99" : 2.5878976E7,
      "p999" : 2.5878976E7,
      "values" : [ 21732800, 25878976 ],
      "stddev" : 2931789.165592915
    },
    "vm.memory.pools.Compressed-Class-Space.committed.history" : {
      "count" : 2,
      "max" : 13238272,
      "mean" : 1.2947301263307322E7,
      "min" : 12582912,
      "p50" : 1.3238272E7,
      "p75" : 1.3238272E7,
      "p95" : 1.3238272E7,
      "p98" : 1.3238272E7,
      "p99" : 1.3238272E7,
      "p999" : 1.3238272E7,
      "values" : [ 12582912, 13238272 ],
      "stddev" : 325617.27900624945
    },
    "vm.memory.pools.Compressed-Class-Space.committed.window.15m" : {
      "count" : 2,
      "max" : 13238272,
      "mean" : 1.2910592E7,
      "min" : 12582912,
      "p50" : 1.2910592E7,
      "p75" : 1.3238272E7,
      "p95" : 1.3238272E7,
      "p98" : 1.3238272E7,
      "p99" : 1.3238272E7,
      "p999" : 1.3238272E7,
      "values" : [ 12582912, 13238272 ],
      "stddev" : 463409.5001184158
    },
    "vm.memory.pools.Compressed-Class-Space.committed.window.1h" : {
      "count" : 2,
      "max" : 13238272,
      "mean" : 1.2910592E7,
      "min" : 12582912,
      "p50" : 1.2910592E7,
      "p75" : 1.3238272E7,
      "p95" : 1.3238272E7,
      "p98" : 1.3238272E7,
      "p99" : 1.3238272E7,
      "p999" : 1.3238272E7,
      "values" : [ 12582912, 13238272 ],
      "stddev" : 463409.5001184158
    },
    "vm.memory.pools.Compressed-Class-Space.committed.window.5m" : {
      "count" : 2,
      "max" : 13238272,
      "mean" : 1.2910592E7,
      "min" : 12582912,
      "p50" : 1.2910592E7,
      "p75" : 1.3238272E7,
      "p95" : 1.3238272E7,
      "p98" : 1.3238272E7,
      "p99" : 1.3238272E7,
      "p999" : 1.3238272E7,
      "values" : [ 12582912, 13238272 ],
      "stddev" : 463409.5001184158
    },
    "vm.memory.pools.Compressed-Class-Space.usage.x100.history" : {
      "count" : 2,
      "max" : 1,
      "mean" : 1.0,
      "min" : 1,
      "p50" : 1.0,
      "p75" : 1.0,
      "p95" : 1.0,
      "p98" : 1.0,
      "p99" : 1.0,
      "p999" : 1.0,
      "values" : [ 1, 1 ],
      "stddev" : 0.0
    },
    "vm.memory.pools.Compressed-Class-Space.usage.x100.window.15m" : {
      "count" : 2,
      "max" : 1,
      "mean" : 1.0,
      "min" : 1,
      "p50" : 1.0,
      "p75" : 1.0,
      "p95" : 1.0,
      "p98" : 1.0,
      "p99" : 1.0,
      "p999" : 1.0,
      "values" : [ 1, 1 ],
      "stddev" : 0.0
    },
    "vm.memory.pools.Compressed-Class-Space.usage.x100.window.1h" : {
      "count" : 2,
      "max" : 1,
      "mean" : 1.0,
      "min" : 1,
      "p50" : 1.0,
      "p75" : 1.0,
      "p95" : 1.0,
      "p98" : 1.0,
      "p99" : 1.0,
      "p999" : 1.0,
      "values" : [ 1, 1 ],
      "stddev" : 0.0
    },
    "vm.memory.pools.Compressed-Class-Space.usage.x100.window.5m" : {
      "count" : 2,
      "max" : 1,
      "mean" : 1.0,
      "min" : 1,
      "p50" : 1.0,
      "p75" : 1.0,
      "p95" : 1.0,
      "p98" : 1.0,
      "p99" : 1.0,
      "p999" : 1.0,
      "values" : [ 1, 1 ],
      "stddev" : 0.0
    },
    "vm.memory.pools.Compressed-Class-Space.used.history" : {
      "count" : 2,
      "max" : 10916576,
      "mean" : 1.0653491142869994E7,
      "min" : 10324024,
      "p50" : 1.0916576E7,
      "p75" : 1.0916576E7,
      "p95" : 1.0916576E7,
      "p98" : 1.0916576E7,
      "p99" : 1.0916576E7,
      "p999" : 1.0916576E7,
      "values" : [ 10324024, 10916576 ],
      "stddev" : 294410.9648280504
    },
    "vm.memory.pools.Compressed-Class-Space.used.window.15m" : {
      "count" : 2,
      "max" : 10916576,
      "mean" : 1.06203E7,
      "min" : 10324024,
      "p50" : 1.06203E7,
      "p75" : 1.0916576E7,
      "p95" : 1.0916576E7,
      "p98" : 1.0916576E7,
      "p99" : 1.0916576E7,
      "p999" : 1.0916576E7,
      "values" : [ 10324024, 10916576 ],
      "stddev" : 418997.5374056511
    },
    "vm.memory.pools.Compressed-Class-Space.used.window.1h" : {
      "count" : 2,
      "max" : 10916576,
      "mean" : 1.06203E7,
      "min" : 10324024,
      "p50" : 1.06203E7,
      "p75" : 1.0916576E7,
      "p95" : 1.0916576E7,
      "p98" : 1.0916576E7,
      "p99" : 1.0916576E7,
      "p999" : 1.0916576E7,
      "values" : [ 10324024, 10916576 ],
      "stddev" : 418997.5374056511
    },
    "vm.memory.pools.Compressed-Class-Space.used.window.5m" : {
      "count" : 2,
      "max" : 10916576,
      "mean" : 1.06203E7,
      "min" : 10324024,
      "p50" : 1.06203E7,
      "p75" : 1.0916576E7,
      "p95" : 1.0916576E7,
      "p98" : 1.0916576E7,
      "p99" : 1.0916576E7,
      "p999" : 1.0916576E7,
      "values" : [ 10324024, 10916576 ],
      "stddev" : 418997.5374056511
    },
    "vm.memory.pools.Metaspace.committed.history" : {
      "count" : 2,
      "max" : 103153664,
      "mean" : 1.0088409225379711E8,
      "min" : 98041856,
      "p50" : 1.03153664E8,
      "p75" : 1.03153664E8,
      "p95" : 1.03153664E8,
      "p98" : 1.03153664E8,
      "p99" : 1.03153664E8,
      "p999" : 1.03153664E8,
      "values" : [ 98041856, 103153664 ],
      "stddev" : 2539814.7762487456
    },
    "vm.memory.pools.Metaspace.committed.window.15m" : {
      "count" : 2,
      "max" : 103153664,
      "mean" : 1.0059776E8,
      "min" : 98041856,
      "p50" : 1.0059776E8,
      "p75" : 1.03153664E8,
      "p95" : 1.03153664E8,
      "p98" : 1.03153664E8,
      "p99" : 1.03153664E8,
      "p999" : 1.03153664E8,
      "values" : [ 98041856, 103153664 ],
      "stddev" : 3614594.100923643
    },
    "vm.memory.pools.Metaspace.committed.window.1h" : {
      "count" : 2,
      "max" : 103153664,
      "mean" : 1.0059776E8,
      "min" : 98041856,
      "p50" : 1.0059776E8,
      "p75" : 1.03153664E8,
      "p95" : 1.03153664E8,
      "p98" : 1.03153664E8,
      "p99" : 1.03153664E8,
      "p999" : 1.03153664E8,
      "values" : [ 98041856, 103153664 ],
      "stddev" : 3614594.100923643
    },
    "vm.memory.pools.Metaspace.committed.window.5m" : {
      "count" : 2,
      "max" : 103153664,
      "mean" : 1.0059776E8,
      "min" : 98041856,
      "p50" : 1.0059776E8,
      "p75" : 1.03153664E8,
      "p95" : 1.03153664E8,
      "p98" : 1.03153664E8,
      "p99" : 1.03153664E8,
      "p999" : 1.03153664E8,
      "values" : [ 98041856, 103153664 ],
      "stddev" : 3614594.100923643
    },
    "vm.memory.pools.Metaspace.usage.x100.history" : {
      "count" : 2,
      "max" : 91,
      "mean" : 91.0,
      "min" : 91,
      "p50" : 91.0,
      "p75" : 91.0,
      "p95" : 91.0,
      "p98" : 91.0,
      "p99" : 91.0,
      "p999" : 91.0,
      "values" : [ 91, 91 ],
      "stddev" : 0.0
    },
    "vm.memory.pools.Metaspace.usage.x100.window.15m" : {
      "count" : 2,
      "max" : 91,
      "mean" : 91.0,
      "min" : 91,
      "p50" : 91.0,
      "p75" : 91.0,
      "p95" : 91.0,
      "p98" : 91.0,
      "p99" : 91.0,
      "p999" : 91.0,
      "values" : [ 91, 91 ],
      "stddev" : 0.0
    },
    "vm.memory.pools.Metaspace.usage.x100.window.1h" : {
      "count" : 2,
      "max" : 91,
      "mean" : 91.0,
      "min" : 91,
      "p50" : 91.0,
      "p75" : 91.0,
      "p95" : 91.0,
      "p98" : 91.0,
      "p99" : 91.0,
      "p999" : 91.0,
      "values" : [ 91, 91 ],
      "stddev" : 0.0
    },
    "vm.memory.pools.Metaspace.usage.x100.window.5m" : {
      "count" : 2,
      "max" : 91,
      "mean" : 91.0,
      "min" : 91,
      "p50" : 91.0,
      "p75" : 91.0,
      "p95" : 91.0,
      "p98" : 91.0,
      "p99" : 91.0,
      "p999" : 91.0,
      "values" : [ 91, 91 ],
      "stddev" : 0.0
    },
    "vm.memory.pools.Metaspace.used.history" : {
      "count" : 2,
      "max" : 94162568,
      "mean" : 9.195428054445747E7,
      "min" : 89188792,
      "p50" : 9.4162568E7,
      "p75" : 9.4162568E7,
      "p95" : 9.4162568E7,
      "p98" : 9.4162568E7,
      "p99" : 9.4162568E7,
      "p999" : 9.4162568E7,
      "values" : [ 89188792, 94162568 ],
      "stddev" : 2471233.2267861743
    },
    "vm.memory.pools.Metaspace.used.window.15m" : {
      "count" : 2,
      "max" : 94164208,
      "mean" : 9.16765E7,
      "min" : 89188792,
      "p50" : 9.16765E7,
      "p75" : 9.4164208E7,
      "p95" : 9.4164208E7,
      "p98" : 9.4164208E7,
      "p99" : 9.4164208E7,
      "p999" : 9.4164208E7,
      "values" : [ 89188792, 94164208 ],
      "stddev" : 3518150.3928240477
    },
    "vm.memory.pools.Metaspace.used.window.1h" : {
      "count" : 2,
      "max" : 94164208,
      "mean" : 9.16765E7,
      "min" : 89188792,
      "p50" : 9.16765E7,
      "p75" : 9.4164208E7,
      "p95" : 9.4164208E7,
      "p98" : 9.4164208E7,
      "p99" : 9.4164208E7,
      "p999" : 9.4164208E7,
      "values" : [ 89188792, 94164208 ],
      "stddev" : 3518150.3928240477
    },
    "vm.memory.pools.Metaspace.used.window.5m" : {
      "count" : 2,
      "max" : 94164208,
      "mean" : 9.16765E7,
      "min" : 89188792,
      "p50" : 9.16765E7,
      "p75" : 9.4164208E7,
      "p95" : 9.4164208E7,
      "p98" : 9.4164208E7,
      "p99" : 9.4164208E7,
      "p999" : 9.4164208E7,
      "values" : [ 89188792, 94164208 ],
      "stddev" : 3518150.3928240477
    },
    "vm.memory.pools.PS-Eden-Space.committed.history" : {
      "count" : 2,
      "max" : 351272960,
      "mean" : 2.781811109427993E8,
      "min" : 186646528,
      "p50" : 3.5127296E8,
      "p75" : 3.5127296E8,
      "p95" : 3.5127296E8,
      "p98" : 3.5127296E8,
      "p99" : 3.5127296E8,
      "p999" : 3.5127296E8,
      "values" : [ 186646528, 351272960 ],
      "stddev" : 8.179506048636986E7
    },
    "vm.memory.pools.PS-Eden-Space.committed.window.15m" : {
      "count" : 2,
      "max" : 351272960,
      "mean" : 2.68959744E8,
      "min" : 186646528,
      "p50" : 2.68959744E8,
      "p75" : 3.5127296E8,
      "p95" : 3.5127296E8,
      "p98" : 3.5127296E8,
      "p99" : 3.5127296E8,
      "p999" : 3.5127296E8,
      "values" : [ 186646528, 351272960 ],
      "stddev" : 1.1640846642974605E8
    },
    "vm.memory.pools.PS-Eden-Space.committed.window.1h" : {
      "count" : 2,
      "max" : 351272960,
      "mean" : 2.68959744E8,
      "min" : 186646528,
      "p50" : 2.68959744E8,
      "p75" : 3.5127296E8,
      "p95" : 3.5127296E8,
      "p98" : 3.5127296E8,
      "p99" : 3.5127296E8,
      "p999" : 3.5127296E8,
      "values" : [ 186646528, 351272960 ],
      "stddev" : 1.1640846642974605E8
    },
    "vm.memory.pools.PS-Eden-Space.committed.window.5m" : {
      "count" : 2,
      "max" : 351272960,
      "mean" : 2.68959744E8,
      "min" : 186646528,
      "p50" : 2.68959744E8,
      "p75" : 3.5127296E8,
      "p95" : 3.5127296E8,
      "p98" : 3.5127296E8,
      "p99" : 3.5127296E8,
      "p999" : 3.5127296E8,
      "values" : [ 186646528, 351272960 ],
      "stddev" : 1.1640846642974605E8
    },
    "vm.memory.pools.PS-Eden-Space.usage.x100.history" : {
      "count" : 2,
      "max" : 3,
      "mean" : 2.55601389054462,
      "min" : 2,
      "p50" : 3.0,
      "p75" : 3.0,
      "p95" : 3.0,
      "p98" : 3.0,
      "p99" : 3.0,
      "p999" : 3.0,
      "values" : [ 2, 3 ],
      "stddev" : 0.496852537546157
    },
    "vm.memory.pools.PS-Eden-Space.usage.x100.window.15m" : {
      "count" : 2,
      "max" : 3,
      "mean" : 2.5,
      "min" : 2,
      "p50" : 2.5,
      "p75" : 3.0,
      "p95" : 3.0,
      "p98" : 3.0,
      "p99" : 3.0,
      "p999" : 3.0,
      "values" : [ 2, 3 ],
      "stddev" : 0.7071067811865476
    },
    "vm.memory.pools.PS-Eden-Space.usage.x100.window.1h" : {
      "count" : 2,
      "max" : 3,
      "mean" : 2.5,
      "min" : 2,
      "p50" : 2.5,
      "p75" : 3.0,
      "p95" : 3.0,
      "p98" : 3.0,
      "p99" : 3.0,
      "p999" : 3.0,
      "values" : [ 2, 3 ],
      "stddev" : 0.7071067811865476
    },
    "vm.memory.pools.PS-Eden-Space.usage.x100.window.5m" : {
      "count" : 2,
      "max" : 3,
      "mean" : 2.5,
      "min" : 2,
      "p50" : 2.5,
      "p75" : 3.0,
      "p95" : 3.0,
      "p98" : 3.0,
      "p99" : 3.0,
      "p999" : 3.0,
      "values" : [ 2, 3 ],
      "stddev" : 0.7071067811865476
    },
    "vm.memory.pools.PS-Eden-Space.used.history" : {
      "count" : 2,
      "max" : 10543504,
      "mean" : 8199484.662963634,
      "min" : 5264016,
      "p50" : 1.0543504E7,
      "p75" : 1.0543504E7,
      "p95" : 1.0543504E7,
      "p98" : 1.0543504E7,
      "p99" : 1.0543504E7,
      "p999" : 1.0543504E7,
      "values" : [ 5264016, 10543504 ],
      "stddev" : 2623127.0097444854
    },
    "vm.memory.pools.PS-Eden-Space.used.window.15m" : {
      "count" : 2,
      "max" : 10543504,
      "mean" : 7903760.0,
      "min" : 5264016,
      "p50" : 7903760.0,
      "p75" : 1.0543504E7,
      "p95" : 1.0543504E7,
      "p98" : 1.0543504E7,
      "p99" : 1.0543504E7,
      "p999" : 1.0543504E7,
      "values" : [ 5264016, 10543504 ],
      "stddev" : 3733161.7659930033
    },
    "vm.memory.pools.PS-Eden-Space.used.window.1h" : {
      "count" : 2,
      "max" : 10543504,
      "mean" : 7903760.0,
      "min" : 5264016,
      "p50" : 7903760.0,
      "p75" : 1.0543504E7,
      "p95" : 1.0543504E7,
      "p98" : 1.0543504E7,
      "p99" : 1.0543504E7,
      "p999" : 1.0543504E7,
      "values" : [ 5264016, 10543504 ],
      "stddev" : 3733161.7659930033
    },
    "vm.memory.pools.PS-Eden-Space.used.window.5m" : {
      "count" : 2,
      "max" : 10543504,
      "mean" : 7903760.0,
      "min" : 5264016,
      "p50" : 7903760.0,
      "p75" : 1.0543504E7,
      "p95" : 1.0543504E7,
      "p98" : 1.0543504E7,
      "p99" : 1.0543504E7,
      "p999" : 1.0543504E7,
      "values" : [ 5264016, 10543504 ],
      "stddev" : 3733161.7659930033
    },
    "vm.memory.pools.PS-Old-Gen.committed.history" : {
      "count" : 2,
      "max" : 103809024,
      "mean" : 8.541967344102275E7,
      "min" : 62390272,
      "p50" : 1.03809024E8,
      "p75" : 1.03809024E8,
      "p95" : 1.03809024E8,
      "p98" : 1.03809024E8,
      "p99" : 1.03809024E8,
      "p999" : 1.03809024E8,
      "values" : [ 62390272, 103809024 ],
      "stddev" : 2.0579012033194963E7
    },
    "vm.memory.pools.PS-Old-Gen.committed.window.15m" : {
      "count" : 2,
      "max" : 103809024,
      "mean" : 8.3099648E7,
      "min" : 62390272,
      "p50" : 8.3099648E7,
      "p75" : 1.03809024E8,
      "p95" : 1.03809024E8,
      "p98" : 1.03809024E8,
      "p99" : 1.03809024E8,
      "p999" : 1.03809024E8,
      "values" : [ 62390272, 103809024 ],
      "stddev" : 2.928748040748388E7
    },
    "vm.memory.pools.PS-Old-Gen.committed.window.1h" : {
      "count" : 2,
      "max" : 103809024,
      "mean" : 8.3099648E7,
      "min" : 62390272,
      "p50" : 8.3099648E7,
      "p75" : 1.03809024E8,
      "p95" : 1.03809024E8,
      "p98" : 1.03809024E8,
      "p99" : 1.03809024E8,
      "p999" : 1.03809024E8,
      "values" : [ 62390272, 103809024 ],
      "stddev" : 2.928748040748388E7
    },
    "vm.memory.pools.PS-Old-Gen.committed.window.5m" : {
      "count" : 2,
      "max" : 103809024,
      "mean" : 8.3099648E7,
      "min" : 62390272,
      "p50" : 8.3099648E7,
      "p75" : 1.03809024E8,
      "p95" : 1.03809024E8,
      "p98" : 1.03809024E8,
      "p99" : 1.03809024E8,
      "p999" : 1.03809024E8,
      "values" : [ 62390272, 103809024 ],
      "stddev" : 2.928748040748388E7
    },
    "vm.memory.pools.PS-Old-Gen.usage.x100.history" : {
      "count" : 2,
      "max" : 8,
      "mean" : 7.5560138905446195,
      "min" : 7,
      "p50" : 8.0,
      "p75" : 8.0,
      "p95" : 8.0,
      "p98" : 8.0,
      "p99" : 8.0,
      "p999" : 8.0,
      "values" : [ 7, 8 ],
      "stddev" : 0.496852537546157
    },
    "vm.memory.pools.PS-Old-Gen.usage.x100.window.15m" : {
      "count" : 2,
      "max" : 8,
      "mean" : 7.5,
      "min" : 7,
      "p50" : 7.5,
      "p75" : 8.0,
      "p95" : 8.0,
      "p98" : 8.0,
      "p99" : 8.0,
      "p999" : 8.0,
      "values" : [ 7, 8 ],
      "stddev" : 0.7071067811865476
    },
    "vm.memory.pools.PS-Old-Gen.usage.x100.window.1h" : {
      "count" : 2,
      "max" : 8,
      "mean" : 7.5,
      "min" : 7,
      "p50" : 7.5,
      "p75" : 8.0,
      "p95" : 8.0,
      "p98" : 8.0,
      "p99" : 8.0,
      "p999" : 8.0,
      "values" : [ 7, 8 ],
      "stddev" : 0.7071067811865476
    },
    "vm.memory.pools.PS-Old-Gen.usage.x100.window.5m" : {
      "count" : 2,
      "max" : 8,
      "mean" : 7.5,
      "min" : 7,
      "p50" : 7.5,
      "p75" : 8.0,
      "p95" : 8.0,
      "p98" : 8.0,
      "p99" : 8.0,
      "p999" : 8.0,
      "values" : [ 7, 8 ],
      "stddev" : 0.7071067811865476
    },
    "vm.memory.pools.PS-Old-Gen.used.history" : {
      "count" : 2,
      "max" : 61148600,
      "mean" : 5.824201829528379E7,
      "min" : 54602040,
      "p50" : 6.11486E7,
      "p75" : 6.11486E7,
      "p95" : 6.11486E7,
      "p98" : 6.11486E7,
      "p99" : 6.11486E7,
      "p999" : 6.11486E7,
      "values" : [ 54602040, 61148600 ],
      "stddev" : 3252674.9481981695
    },
    "vm.memory.pools.PS-Old-Gen.used.window.15m" : {
      "count" : 2,
      "max" : 61148600,
      "mean" : 5.787532E7,
      "min" : 54602040,
      "p50" : 5.787532E7,
      "p75" : 6.11486E7,
      "p95" : 6.11486E7,
      "p98" : 6.11486E7,
      "p99" : 6.11486E7,
      "p999" : 6.11486E7,
      "values" : [ 54602040, 61148600 ],
      "stddev" : 4629116.969444605
    },
    "vm.memory.pools.PS-Old-Gen.used.window.1h" : {
      "count" : 2,
      "max" : 61148600,
      "mean" : 5.787532E7,
      "min" : 54602040,
      "p50" : 5.787532E7,
      "p75" : 6.11486E7,
      "p95" : 6.11486E7,
      "p98" : 6.11486E7,
      "p99" : 6.11486E7,
      "p999" : 6.11486E7,
      "values" : [ 54602040, 61148600 ],
      "stddev" : 4629116.969444605
    },
    "vm.memory.pools.PS-Old-Gen.used.window.5m" : {
      "count" : 2,
      "max" : 61148600,
      "mean" : 5.787532E7,
      "min" : 54602040,
      "p50" : 5.787532E7,
      "p75" : 6.11486E7,
      "p95" : 6.11486E7,
      "p98" : 6.11486E7,
      "p99" : 6.11486E7,
      "p999" : 6.11486E7,
      "values" : [ 54602040, 61148600 ],
      "stddev" : 4629116.969444605
    },
    "vm.memory.pools.PS-Survivor-Space.committed.history" : {
      "count" : 2,
      "max" : 9961472,
      "mean" : 6171823.661603849,
      "min" : 3145728,
      "p50" : 3145728.0,
      "p75" : 9961472.0,
      "p95" : 9961472.0,
      "p98" : 9961472.0,
      "p99" : 9961472.0,
      "p999" : 9961472.0,
      "values" : [ 3145728, 9961472 ],
      "stddev" : 3386419.701664994
    },
    "vm.memory.pools.PS-Survivor-Space.committed.window.15m" : {
      "count" : 2,
      "max" : 9961472,
      "mean" : 6553600.0,
      "min" : 3145728,
      "p50" : 6553600.0,
      "p75" : 9961472.0,
      "p95" : 9961472.0,
      "p98" : 9961472.0,
      "p99" : 9961472.0,
      "p999" : 9961472.0,
      "values" : [ 3145728, 9961472 ],
      "stddev" : 4819458.801231524
    },
    "vm.memory.pools.PS-Survivor-Space.committed.window.1h" : {
      "count" : 2,
      "max" : 9961472,
      "mean" : 6553600.0,
      "min" : 3145728,
      "p50" : 6553600.0,
      "p75" : 9961472.0,
      "p95" : 9961472.0,
      "p98" : 9961472.0,
      "p99" : 9961472.0,
      "p999" : 9961472.0,
      "values" : [ 3145728, 9961472 ],
      "stddev" : 4819458.801231524
    },
    "vm.memory.pools.PS-Survivor-Space.committed.window.5m" : {
      "count" : 2,
      "max" : 9961472,
      "mean" : 6553600.0,
      "min" : 3145728,
      "p50" : 6553600.0,
      "p75" : 9961472.0,
      "p95" : 9961472.0,
      "p98" : 9961472.0,
      "p99" : 9961472.0,
      "p999" : 9961472.0,
      "values" : [ 3145728, 9961472 ],
      "stddev" : 4819458.801231524
    },
    "vm.memory.pools.PS-Survivor-Space.usage.x100.history" : {
      "count" : 2,
      "max" : 100,
      "mean" : 44.39861094553801,
      "min" : 0,
      "p50" : 0.0,
      "p75" : 100.0,
      "p95" : 100.0,
      "p98" : 100.0,
      "p99" : 100.0,
      "p999" : 100.0,
      "values" : [ 0, 100 ],
      "stddev" : 49.6852537546157
    },
    "vm.memory.pools.PS-Survivor-Space.usage.x100.window.15m" : {
      "count" : 2,
      "max" : 100,
      "mean" : 50.0,
      "min" : 0,
      "p50" : 50.0,
      "p75" : 100.0,
      "p95" : 100.0,
      "p98" : 100.0,
      "p99" : 100.0,
      "p999" : 100.0,
      "values" : [ 0, 100 ],
      "stddev" : 70.71067811865476
    },
    "vm.memory.pools.PS-Survivor-Space.usage.x100.window.1h" : {
      "count" : 2,
      "max" : 100,
      "mean" : 50.0,
      "min" : 0,
      "p50" : 50.0,
      "p75" : 100.0,
      "p95" : 100.0,
      "p98" : 100.0,
      "p99" : 100.0,
      "p999" : 100.0,
      "values" : [ 0, 100 ],
      "stddev" : 70.71067811865476
    },
    "vm.memory.pools.PS-Survivor-Space.usage.x100.window.5m" : {
      "count" : 2,
      "max" : 100,
      "mean" : 50.0,
      "min" : 0,
      "p50" : 50.0,
      "p75" : 100.0,
      "p95" : 100.0,
      "p98" : 100.0,
      "p99" : 100.0,
      "p999" : 100.0,
      "values" : [ 0, 100 ],
      "stddev" : 70.71067811865476
    },
    "vm.memory.pools.PS-Survivor-Space.used.history" : {
      "count" : 2,
      "max" : 9943632,
      "mean" : 4414834.48553602,
      "min" : 0,
      "p50" : 0.0,
      "p75" : 9943632.0,
      "p95" : 9943632.0,
      "p98" : 9943632.0,
      "p99" : 9943632.0,
      "p999" : 9943632.0,
      "values" : [ 0, 9943632 ],
      "stddev" : 4940518.791625168
    },
    "vm.memory.pools.PS-Survivor-Space.used.window.15m" : {
      "count" : 2,
      "max" : 9943632,
      "mean" : 4971816.0,
      "min" : 0,
      "p50" : 4971816.0,
      "p75" : 9943632.0,
      "p95" : 9943632.0,
      "p98" : 9943632.0,
      "p99" : 9943632.0,
      "p999" : 9943632.0,
      "values" : [ 0, 9943632 ],
      "stddev" : 7031209.616823552
    },
    "vm.memory.pools.PS-Survivor-Space.used.window.1h" : {
      "count" : 2,
      "max" : 9943632,
      "mean" : 4971816.0,
      "min" : 0,
      "p50" : 4971816.0,
      "p75" : 9943632.0,
      "p95" : 9943632.0,
      "p98" : 9943632.0,
      "p99" : 9943632.0,
      "p999" : 9943632.0,
      "values" : [ 0, 9943632 ],
      "stddev" : 7031209.616823552
    },
    "vm.memory.pools.PS-Survivor-Space.used.window.5m" : {
      "count" : 2,
      "max" : 9943632,
      "mean" : 4971816.0,
      "min" : 0,
      "p50" : 4971816.0,
      "p75" : 9943632.0,
      "p95" : 9943632.0,
      "p98" : 9943632.0,
      "p99" : 9943632.0,
      "p999" : 9943632.0,
      "values" : [ 0, 9943632 ],
      "stddev" : 7031209.616823552
    },
    "vm.memory.total.committed.history" : {
      "count" : 2,
      "max" : 600834048,
      "mean" : 5.078979947003587E8,
      "min" : 391512064,
      "p50" : 6.00834048E8,
      "p75" : 6.00834048E8,
      "p95" : 6.00834048E8,
      "p98" : 6.00834048E8,
      "p99" : 6.00834048E8,
      "p999" : 6.00834048E8,
      "values" : [ 391512064, 600834048 ],
      "stddev" : 1.0400215891459608E8
    },
    "vm.memory.total.committed.window.15m" : {
      "count" : 2,
      "max" : 600834048,
      "mean" : 4.96173056E8,
      "min" : 391512064,
      "p50" : 4.96173056E8,
      "p75" : 6.00834048E8,
      "p95" : 6.00834048E8,
      "p98" : 6.00834048E8,
      "p99" : 6.00834048E8,
      "p999" : 6.00834048E8,
      "values" : [ 391512064, 600834048 ],
      "stddev" : 1.48012994337822E8
    },
    "vm.memory.total.committed.window.1h" : {
      "count" : 2,
      "max" : 600834048,
      "mean" : 4.96173056E8,
      "min" : 391512064,
      "p50" : 4.96173056E8,
      "p75" : 6.00834048E8,
      "p95" : 6.00834048E8,
      "p98" : 6.00834048E8,
      "p99" : 6.00834048E8,
      "p999" : 6.00834048E8,
      "values" : [ 391512064, 600834048 ],
      "stddev" : 1.48012994337822E8
    },
    "vm.memory.total.committed.window.5m" : {
      "count" : 2,
      "max" : 600834048,
      "mean" : 4.96173056E8,
      "min" : 391512064,
      "p50" : 4.96173056E8,
      "p75" : 6.00834048E8,
      "p95" : 6.00834048E8,
      "p98" : 6.00834048E8,
      "p99" : 6.00834048E8,
      "p999" : 6.00834048E8,
      "values" : [ 391512064, 600834048 ],
      "stddev" : 1.48012994337822E8
    },
    "vm.memory.total.used.history" : {
      "count" : 2,
      "max" : 202660024,
      "mean" : 1.975096963330957E8,
      "min" : 191059824,
      "p50" : 2.02660024E8,
      "p75" : 2.02660024E8,
      "p95" : 2.02660024E8,
      "p98" : 2.02660024E8,
      "p99" : 2.02660024E8,
      "p999" : 2.02660024E8,
      "values" : [ 191059824, 202660024 ],
      "stddev" : 5763588.80604293
    },
    "vm.memory.total.used.window.15m" : {
      "count" : 2,
      "max" : 202660024,
      "mean" : 1.96859924E8,
      "min" : 191059824,
      "p50" : 1.96859924E8,
      "p75" : 2.02660024E8,
      "p95" : 2.02660024E8,
      "p98" : 2.02660024E8,
      "p99" : 2.02660024E8,
      "p999" : 2.02660024E8,
      "values" : [ 191059824, 202660024 ],
      "stddev" : 8202580.083120189
    },
    "vm.memory.total.used.window.1h" : {
      "count" : 2,
      "max" : 202660024,
      "mean" : 1.96859924E8,
      "min" : 191059824,
      "p50" : 1.96859924E8,
      "p75" : 2.02660024E8,
      "p95" : 2.02660024E8,
      "p98" : 2.02660024E8,
      "p99" : 2.02660024E8,
      "p999" : 2.02660024E8,
      "values" : [ 191059824, 202660024 ],
      "stddev" : 8202580.083120189
    },
    "vm.memory.total.used.window.5m" : {
      "count" : 2,
      "max" : 202660024,
      "mean" : 1.96859924E8,
      "min" : 191059824,
      "p50" : 1.96859924E8,
      "p75" : 2.02660024E8,
      "p95" : 2.02660024E8,
      "p98" : 2.02660024E8,
      "p99" : 2.02660024E8,
      "p999" : 2.02660024E8,
      "values" : [ 191059824, 202660024 ],
      "stddev" : 8202580.083120189
    }
  },
  "meters" : {
    "http.responseCodes.badRequest" : {
      "count" : 0,
      "m15_rate" : 0.0,
      "m1_rate" : 0.0,
      "m5_rate" : 0.0,
      "mean_rate" : 0.0,
      "units" : "events/minute"
    },
    "http.responseCodes.created" : {
      "count" : 0,
      "m15_rate" : 0.0,
      "m1_rate" : 0.0,
      "m5_rate" : 0.0,
      "mean_rate" : 0.0,
      "units" : "events/minute"
    },
    "http.responseCodes.forbidden" : {
      "count" : 0,
      "m15_rate" : 0.0,
      "m1_rate" : 0.0,
      "m5_rate" : 0.0,
      "mean_rate" : 0.0,
      "units" : "events/minute"
    },
    "http.responseCodes.noContent" : {
      "count" : 0,
      "m15_rate" : 0.0,
      "m1_rate" : 0.0,
      "m5_rate" : 0.0,
      "mean_rate" : 0.0,
      "units" : "events/minute"
    },
    "http.responseCodes.notFound" : {
      "count" : 0,
      "m15_rate" : 0.0,
      "m1_rate" : 0.0,
      "m5_rate" : 0.0,
      "mean_rate" : 0.0,
      "units" : "events/minute"
    },
    "http.responseCodes.notModified" : {
      "count" : 0,
      "m15_rate" : 0.0,
      "m1_rate" : 0.0,
      "m5_rate" : 0.0,
      "mean_rate" : 0.0,
      "units" : "events/minute"
    },
    "http.responseCodes.ok" : {
      "count" : 49,
      "m15_rate" : 3.256872734301631,
      "m1_rate" : 46.860454702790676,
      "m5_rate" : 9.71222852475841,
      "mean_rate" : 57.70517596919608,
      "units" : "events/minute"
    },
    "http.responseCodes.other" : {
      "count" : 0,
      "m15_rate" : 0.0,
      "m1_rate" : 0.0,
      "m5_rate" : 0.0,
      "mean_rate" : 0.0,
      "units" : "events/minute"
    },
    "http.responseCodes.serverError" : {
      "count" : 0,
      "m15_rate" : 0.0,
      "m1_rate" : 0.0,
      "m5_rate" : 0.0,
      "mean_rate" : 0.0,
      "units" : "events/minute"
    },
    "http.responseCodes.serviceUnavailable" : {
      "count" : 7,
      "m15_rate" : 0.4533821060059916,
      "m1_rate" : 4.624900672688314,
      "m5_rate" : 1.284492455129561,
      "mean_rate" : 8.243577587684717,
      "units" : "events/minute"
    },
    "jenkins.job.scheduled" : {
      "count" : 0,
      "m15_rate" : 0.0,
      "m1_rate" : 0.0,
      "m5_rate" : 0.0,
      "mean_rate" : 0.0,
      "units" : "events/minute"
    },
    "jenkins.runs.aborted" : {
      "count" : 0,
      "m15_rate" : 0.0,
      "m1_rate" : 0.0,
      "m5_rate" : 0.0,
      "mean_rate" : 0.0,
      "units" : "events/minute"
    },
    "jenkins.runs.failure" : {
      "count" : 0,
      "m15_rate" : 0.0,
      "m1_rate" : 0.0,
      "m5_rate" : 0.0,
      "mean_rate" : 0.0,
      "units" : "events/minute"
    },
    "jenkins.runs.not_built" : {
      "count" : 0,
      "m15_rate" : 0.0,
      "m1_rate" : 0.0,
      "m5_rate" : 0.0,
      "mean_rate" : 0.0,
      "units" : "events/minute"
    },
    "jenkins.runs.success" : {
      "count" : 0,
      "m15_rate" : 0.0,
      "m1_rate" : 0.0,
      "m5_rate" : 0.0,
      "mean_rate" : 0.0,
      "units" : "events/minute"
    },
    "jenkins.runs.total" : {
      "count" : 0,
      "m15_rate" : 0.0,
      "m1_rate" : 0.0,
      "m5_rate" : 0.0,
      "mean_rate" : 0.0,
      "units" : "events/minute"
    },
    "jenkins.runs.unstable" : {
      "count" : 0,
      "m15_rate" : 0.0,
      "m1_rate" : 0.0,
      "m5_rate" : 0.0,
      "mean_rate" : 0.0,
      "units" : "events/minute"
    },
    "jenkins.task.scheduled" : {
      "count" : 0,
      "m15_rate" : 0.0,
      "m1_rate" : 0.0,
      "m5_rate" : 0.0,
      "mean_rate" : 0.0,
      "units" : "events/minute"
    }
  },
  "timers" : {
    "http.requests" : {
      "count" : 56,
      "max" : 2.2815863000000003,
      "mean" : 0.12120360441102174,
      "min" : 0.0031070000000000004,
      "p50" : 0.0499543,
      "p75" : 0.07346130000000001,
      "p95" : 0.3558578,
      "p98" : 1.6720634,
      "p99" : 2.2815863000000003,
      "p999" : 2.2815863000000003,
      "values" : [ 0.0031070000000000004, 0.0036626000000000002, 0.0041319, 0.0054612, 0.006989, 0.0150547, 0.0213412, 0.02162, 0.0217028, 0.0250317, 0.025550000000000003, 0.025791400000000003, 0.031760000000000004, 0.031842800000000004, 0.0328936, 0.0346259, 0.0367579, 0.0370761, 0.037704600000000005, 0.0380563, 0.038829100000000005, 0.0405826, 0.0409051, 0.041614200000000004, 0.042771, 0.0443022, 0.0458953, 0.0459433, 0.0499543, 0.0500328, 0.0518894, 0.052465200000000003, 0.052465500000000005, 0.0536068, 0.053715700000000005, 0.054827600000000004, 0.0550859, 0.0558383, 0.0619009, 0.0632592, 0.063609, 0.0700374, 0.07346130000000001, 0.074349, 0.0803749, 0.08316430000000001, 0.1011099, 0.1146519, 0.1373346, 0.15189260000000002, 0.1676358, 0.17168940000000002, 0.18211560000000002, 0.3558578, 1.6720634, 2.2815863000000003 ],
      "stddev" : 0.333051812770164,
      "m15_rate" : 3.710254840307622,
      "m1_rate" : 51.485355375478996,
      "m5_rate" : 10.996720979887975,
      "mean_rate" : 65.97646915061358,
      "duration_units" : "seconds",
      "rate_units" : "calls/minute"
    },
    "jenkins.health-check.duration" : {
      "count" : 0,
      "max" : 0.0,
      "mean" : 0.0,
      "min" : 0.0,
      "p50" : 0.0,
      "p75" : 0.0,
      "p95" : 0.0,
      "p98" : 0.0,
      "p99" : 0.0,
      "p999" : 0.0,
      "values" : [ ],
      "stddev" : 0.0,
      "m15_rate" : 0.0,
      "m1_rate" : 0.0,
      "m5_rate" : 0.0,
      "mean_rate" : 0.0,
      "duration_units" : "seconds",
      "rate_units" : "calls/minute"
    },
    "jenkins.job.blocked.duration" : {
      "count" : 0,
      "max" : 0.0,
      "mean" : 0.0,
      "min" : 0.0,
      "p50" : 0.0,
      "p75" : 0.0,
      "p95" : 0.0,
      "p98" : 0.0,
      "p99" : 0.0,
      "p999" : 0.0,
      "values" : [ ],
      "stddev" : 0.0,
      "m15_rate" : 0.0,
      "m1_rate" : 0.0,
      "m5_rate" : 0.0,
      "mean_rate" : 0.0,
      "duration_units" : "seconds",
      "rate_units" : "calls/minute"
    },
    "jenkins.job.buildable.duration" : {
      "count" : 0,
      "max" : 0.0,
      "mean" : 0.0,
      "min" : 0.0,
      "p50" : 0.0,
      "p75" : 0.0,
      "p95" : 0.0,
      "p98" : 0.0,
      "p99" : 0.0,
      "p999" : 0.0,
      "values" : [ ],
      "stddev" : 0.0,
      "m15_rate" : 0.0,
      "m1_rate" : 0.0,
      "m5_rate" : 0.0,
      "mean_rate" : 0.0,
      "duration_units" : "seconds",
      "rate_units" : "calls/minute"
    },
    "jenkins.job.building.duration" : {
      "count" : 0,
      "max" : 0.0,
      "mean" : 0.0,
      "min" : 0.0,
      "p50" : 0.0,
      "p75" : 0.0,
      "p95" : 0.0,
      "p98" : 0.0,
      "p99" : 0.0,
      "p999" : 0.0,
      "values" : [ ],
      "stddev" : 0.0,
      "m15_rate" : 0.0,
      "m1_rate" : 0.0,
      "m5_rate" : 0.0,
      "mean_rate" : 0.0,
      "duration_units" : "seconds",
      "rate_units" : "calls/minute"
    },
    "jenkins.job.execution.time" : {
      "count" : 0,
      "max" : 0.0,
      "mean" : 0.0,
      "min" : 0.0,
      "p50" : 0.0,
      "p75" : 0.0,
      "p95" : 0.0,
      "p98" : 0.0,
      "p99" : 0.0,
      "p999" : 0.0,
      "values" : [ ],
      "stddev" : 0.0,
      "m15_rate" : 0.0,
      "m1_rate" : 0.0,
      "m5_rate" : 0.0,
      "mean_rate" : 0.0,
      "duration_units" : "seconds",
      "rate_units" : "calls/minute"
    },
    "jenkins.job.queuing.duration" : {
      "count" : 0,
      "max" : 0.0,
      "mean" : 0.0,
      "min" : 0.0,
      "p50" : 0.0,
      "p75" : 0.0,
      "p95" : 0.0,
      "p98" : 0.0,
      "p99" : 0.0,
      "p999" : 0.0,
      "values" : [ ],
      "stddev" : 0.0,
      "m15_rate" : 0.0,
      "m1_rate" : 0.0,
      "m5_rate" : 0.0,
      "mean_rate" : 0.0,
      "duration_units" : "seconds",
      "rate_units" : "calls/minute"
    },
    "jenkins.job.total.duration" : {
      "count" : 0,
      "max" : 0.0,
      "mean" : 0.0,
      "min" : 0.0,
      "p50" : 0.0,
      "p75" : 0.0,
      "p95" : 0.0,
      "p98" : 0.0,
      "p99" : 0.0,
      "p999" : 0.0,
      "values" : [ ],
      "stddev" : 0.0,
      "m15_rate" : 0.0,
      "m1_rate" : 0.0,
      "m5_rate" : 0.0,
      "mean_rate" : 0.0,
      "duration_units" : "seconds",
      "rate_units" : "calls/minute"
    },
    "jenkins.job.waiting.duration" : {
      "count" : 0,
      "max" : 0.0,
      "mean" : 0.0,
      "min" : 0.0,
      "p50" : 0.0,
      "p75" : 0.0,
      "p95" : 0.0,
      "p98" : 0.0,
      "p99" : 0.0,
      "p999" : 0.0,
      "values" : [ ],
      "stddev" : 0.0,
      "m15_rate" : 0.0,
      "m1_rate" : 0.0,
      "m5_rate" : 0.0,
      "mean_rate" : 0.0,
      "duration_units" : "seconds",
      "rate_units" : "calls/minute"
    },
    "jenkins.task.blocked.duration" : {
      "count" : 0,
      "max" : 0.0,
      "mean" : 0.0,
      "min" : 0.0,
      "p50" : 0.0,
      "p75" : 0.0,
      "p95" : 0.0,
      "p98" : 0.0,
      "p99" : 0.0,
      "p999" : 0.0,
      "values" : [ ],
      "stddev" : 0.0,
      "m15_rate" : 0.0,
      "m1_rate" : 0.0,
      "m5_rate" : 0.0,
      "mean_rate" : 0.0,
      "duration_units" : "seconds",
      "rate_units" : "calls/minute"
    },
    "jenkins.task.buildable.duration" : {
      "count" : 0,
      "max" : 0.0,
      "mean" : 0.0,
      "min" : 0.0,
      "p50" : 0.0,
      "p75" : 0.0,
      "p95" : 0.0,
      "p98" : 0.0,
      "p99" : 0.0,
      "p999" : 0.0,
      "values" : [ ],
      "stddev" : 0.0,
      "m15_rate" : 0.0,
      "m1_rate" : 0.0,
      "m5_rate" : 0.0,
      "mean_rate" : 0.0,
      "duration_units" : "seconds",
      "rate_units" : "calls/minute"
    },
    "jenkins.task.execution.duration" : {
      "count" : 0,
      "max" : 0.0,
      "mean" : 0.0,
      "min" : 0.0,
      "p50" : 0.0,
      "p75" : 0.0,
      "p95" : 0.0,
      "p98" : 0.0,
      "p99" : 0.0,
      "p999" : 0.0,
      "values" : [ ],
      "stddev" : 0.0,
      "m15_rate" : 0.0,
      "m1_rate" : 0.0,
      "m5_rate" : 0.0,
      "mean_rate" : 0.0,
      "duration_units" : "seconds",
      "rate_units" : "calls/minute"
    },
    "jenkins.task.queuing.duration" : {
      "count" : 0,
      "max" : 0.0,
      "mean" : 0.0,
      "min" : 0.0,
      "p50" : 0.0,
      "p75" : 0.0,
      "p95" : 0.0,
      "p98" : 0.0,
      "p99" : 0.0,
      "p999" : 0.0,
      "values" : [ ],
      "stddev" : 0.0,
      "m15_rate" : 0.0,
      "m1_rate" : 0.0,
      "m5_rate" : 0.0,
      "mean_rate" : 0.0,
      "duration_units" : "seconds",
      "rate_units" : "calls/minute"
    },
    "jenkins.task.waiting.duration" : {
      "count" : 0,
      "max" : 0.0,
      "mean" : 0.0,
      "min" : 0.0,
      "p50" : 0.0,
      "p75" : 0.0,
      "p95" : 0.0,
      "p98" : 0.0,
      "p99" : 0.0,
      "p999" : 0.0,
      "values" : [ ],
      "stddev" : 0.0,
      "m15_rate" : 0.0,
      "m1_rate" : 0.0,
      "m5_rate" : 0.0,
      "mean_rate" : 0.0,
      "duration_units" : "seconds",
      "rate_units" : "calls/minute"
    }
  }
}