<com.dabsquared.gitlabjenkins.connection.GitLabConnectionConfig plugin="gitlab-plugin@1.5.11">
  <useAuthenticatedEndpoint>true</useAuthenticatedEndpoint>
  <connections>
    <com.dabsquared.gitlabjenkins.connection.GitLabConnection>
      <name/>
      <url/>
      <apiTokenId/>
      <clientBuilder class="com.dabsquared.gitlabjenkins.gitlab.api.impl.AutodetectGitLabClientBuilder">
        <id>autodetect</id>
        <ordinal>0</ordinal>
      </clientBuilder>
      <ignoreCertificateErrors>false</ignoreCertificateErrors>
      <connectionTimeout>10</connectionTimeout>
      <readTimeout>10</readTimeout>
    </com.dabsquared.gitlabjenkins.connection.GitLabConnection>
  </connections>
</com.dabsquared.gitlabjenkins.connection.GitLabConnectionConfig>