<com.cloudbees.jenkins.plugins.bitbucket.endpoints.BitbucketEndpointConfiguration plugin="cloudbees-bitbucket-branch-source@2.4.0">
  <endpoints>
    <com.cloudbees.jenkins.plugins.bitbucket.endpoints.BitbucketCloudEndpoint>
      <manageHooks>false</manageHooks>
      <enableCache>false</enableCache>
      <teamCacheDuration>0</teamCacheDuration>
      <repositoriesCacheDuration>0</repositoriesCacheDuration>
    </com.cloudbees.jenkins.plugins.bitbucket.endpoints.BitbucketCloudEndpoint>
  </endpoints>
</com.cloudbees.jenkins.plugins.bitbucket.endpoints.BitbucketEndpointConfiguration>